gene_callers_id	contig	start	stop	direction	partial	call_type	source	version
0	semibin163_refined_aligned	193	601	r	0	1	prodigal	v4.6
1	semibin163_refined_aligned	748	1588	r	0	1	prodigal	v4.6
2	semibin163_refined_aligned	1611	1902	r	0	1	prodigal	v4.6
3	semibin163_refined_aligned	1903	2701	f	0	1	prodigal	v4.6
4	semibin163_refined_aligned	2736	3837	f	0	1	prodigal	v4.6
5	semibin163_refined_aligned	3886	4870	r	0	1	prodigal	v4.6
6	semibin163_refined_aligned	4899	5385	r	0	1	prodigal	v4.6
7	semibin163_refined_aligned	6738	7155	f	0	1	prodigal	v4.6
8	semibin163_refined_aligned	7954	9202	f	0	1	prodigal	v4.6
9	semibin163_refined_aligned	9179	9761	f	0	1	prodigal	v4.6
10	semibin163_refined_aligned	9941	13949	f	0	1	prodigal	v4.6
11	semibin163_refined_aligned	14794	15289	f	0	1	prodigal	v4.6
12	semibin163_refined_aligned	15997	16549	f	0	1	prodigal	v4.6
13	semibin163_refined_aligned	16585	16807	f	0	1	prodigal	v4.6
14	semibin163_refined_aligned	18506	18854	f	0	1	prodigal	v4.6
15	semibin163_refined_aligned	18879	19941	f	0	1	prodigal	v4.6
16	semibin163_refined_aligned	20023	21151	f	0	1	prodigal	v4.6
17	semibin163_refined_aligned	21271	21859	r	0	1	prodigal	v4.6
18	semibin163_refined_aligned	21855	22332	r	0	1	prodigal	v4.6
19	semibin163_refined_aligned	22328	23144	r	0	1	prodigal	v4.6
20	semibin163_refined_aligned	23140	24901	r	0	1	prodigal	v4.6
21	semibin163_refined_aligned	24956	25817	r	0	1	prodigal	v4.6
22	semibin163_refined_aligned	26142	26610	f	0	1	prodigal	v4.6
23	semibin163_refined_aligned	26735	28364	f	0	1	prodigal	v4.6
24	semibin163_refined_aligned	28730	29225	r	0	1	prodigal	v4.6
25	semibin163_refined_aligned	30533	31043	r	0	1	prodigal	v4.6
26	semibin163_refined_aligned	31231	33574	f	0	1	prodigal	v4.6
27	semibin163_refined_aligned	33633	34017	r	0	1	prodigal	v4.6
28	semibin163_refined_aligned	34579	34963	f	0	1	prodigal	v4.6
29	semibin163_refined_aligned	35249	36014	f	0	1	prodigal	v4.6
30	semibin163_refined_aligned	36111	36726	f	0	1	prodigal	v4.6
31	semibin163_refined_aligned	36703	37912	f	0	1	prodigal	v4.6
32	semibin163_refined_aligned	37908	39111	f	0	1	prodigal	v4.6
33	semibin163_refined_aligned	39115	39841	f	0	1	prodigal	v4.6
34	semibin163_refined_aligned	39840	41280	f	0	1	prodigal	v4.6
35	semibin163_refined_aligned	41242	42616	r	0	1	prodigal	v4.6
36	semibin163_refined_aligned	42638	42965	r	0	1	prodigal	v4.6
37	semibin163_refined_aligned	43004	43166	f	0	1	prodigal	v4.6
38	semibin163_refined_aligned	43185	43626	f	0	1	prodigal	v4.6
39	semibin163_refined_aligned	43679	44243	f	0	1	prodigal	v4.6
40	semibin163_refined_aligned	44273	44654	r	0	1	prodigal	v4.6
41	semibin163_refined_aligned	44687	45176	r	0	1	prodigal	v4.6
42	semibin163_refined_aligned	45264	46083	f	0	1	prodigal	v4.6
43	semibin163_refined_aligned	46130	47255	r	0	1	prodigal	v4.6
44	semibin163_refined_aligned	47401	48619	f	0	1	prodigal	v4.6
45	semibin163_refined_aligned	48626	49454	f	0	1	prodigal	v4.6
46	semibin163_refined_aligned	49424	50126	r	0	1	prodigal	v4.6
47	semibin163_refined_aligned	50139	50718	r	0	1	prodigal	v4.6
48	semibin163_refined_aligned	50731	51598	r	0	1	prodigal	v4.6
49	semibin163_refined_aligned	51699	52146	r	0	1	prodigal	v4.6
50	semibin163_refined_aligned	52271	53909	r	0	1	prodigal	v4.6
51	semibin163_refined_aligned	54472	54919	r	0	1	prodigal	v4.6
52	semibin163_refined_aligned	55044	56601	r	0	1	prodigal	v4.6
53	semibin163_refined_aligned	57149	58052	r	0	1	prodigal	v4.6
54	semibin163_refined_aligned	58072	58894	r	0	1	prodigal	v4.6
55	semibin163_refined_aligned	59057	60047	r	0	1	prodigal	v4.6
56	semibin163_refined_aligned	60118	60613	f	0	1	prodigal	v4.6
57	semibin163_refined_aligned	60613	62419	r	0	1	prodigal	v4.6
58	semibin163_refined_aligned	62425	63667	r	0	1	prodigal	v4.6
59	semibin163_refined_aligned	63688	64834	r	0	1	prodigal	v4.6
60	semibin163_refined_aligned	64830	65547	r	0	1	prodigal	v4.6
61	semibin163_refined_aligned	65622	66360	r	0	1	prodigal	v4.6
62	semibin163_refined_aligned	66372	67563	r	0	1	prodigal	v4.6
63	semibin163_refined_aligned	67559	68783	r	0	1	prodigal	v4.6
64	semibin163_refined_aligned	68779	69889	r	0	1	prodigal	v4.6
65	semibin163_refined_aligned	70153	70531	r	0	1	prodigal	v4.6
66	semibin163_refined_aligned	70536	71970	r	0	1	prodigal	v4.6
67	semibin163_refined_aligned	71962	72499	r	0	1	prodigal	v4.6
68	semibin163_refined_aligned	72506	74762	r	0	1	prodigal	v4.6
69	semibin163_refined_aligned	74782	75889	r	0	1	prodigal	v4.6
70	semibin163_refined_aligned	75878	76403	r	0	1	prodigal	v4.6
71	semibin163_refined_aligned	76408	77383	r	0	1	prodigal	v4.6
72	semibin163_refined_aligned	77405	77834	r	0	1	prodigal	v4.6
73	semibin163_refined_aligned	77852	78173	r	0	1	prodigal	v4.6
74	semibin163_refined_aligned	78169	79453	r	0	1	prodigal	v4.6
75	semibin163_refined_aligned	79471	79837	r	0	1	prodigal	v4.6
76	semibin163_refined_aligned	79840	80560	r	0	1	prodigal	v4.6
77	semibin163_refined_aligned	80576	81095	r	0	1	prodigal	v4.6
78	semibin163_refined_aligned	81295	82612	r	0	1	prodigal	v4.6
79	semibin163_refined_aligned	82608	84252	r	0	1	prodigal	v4.6
80	semibin163_refined_aligned	84478	84733	r	0	1	prodigal	v4.6
81	semibin163_refined_aligned	84823	86656	r	0	1	prodigal	v4.6
82	semibin163_refined_aligned	86717	87917	r	0	1	prodigal	v4.6
83	semibin163_refined_aligned	88070	88922	f	0	1	prodigal	v4.6
84	semibin163_refined_aligned	88877	89687	r	0	1	prodigal	v4.6
85	semibin163_refined_aligned	89683	90355	r	0	1	prodigal	v4.6
86	semibin163_refined_aligned	90351	91008	r	0	1	prodigal	v4.6
87	semibin163_refined_aligned	91047	91536	r	0	1	prodigal	v4.6
88	semibin163_refined_aligned	91646	92105	f	0	1	prodigal	v4.6
89	semibin163_refined_aligned	92171	92432	f	0	1	prodigal	v4.6
90	semibin163_refined_aligned	92492	93746	r	0	1	prodigal	v4.6
91	semibin163_refined_aligned	93742	95005	r	0	1	prodigal	v4.6
92	semibin163_refined_aligned	95001	96312	r	0	1	prodigal	v4.6
93	semibin163_refined_aligned	96311	97190	r	0	1	prodigal	v4.6
94	semibin163_refined_aligned	97365	98385	f	0	1	prodigal	v4.6
95	semibin163_refined_aligned	98411	99695	f	0	1	prodigal	v4.6
96	semibin163_refined_aligned	99706	100612	f	0	1	prodigal	v4.6
97	semibin163_refined_aligned	100640	101672	f	0	1	prodigal	v4.6
98	semibin163_refined_aligned	101676	102126	f	0	1	prodigal	v4.6
99	semibin163_refined_aligned	102137	103343	f	0	1	prodigal	v4.6
100	semibin163_refined_aligned	103424	104453	r	0	1	prodigal	v4.6
101	semibin163_refined_aligned	104491	106174	r	0	1	prodigal	v4.6
102	semibin163_refined_aligned	106245	106815	f	0	1	prodigal	v4.6
103	semibin163_refined_aligned	106998	108402	f	0	1	prodigal	v4.6
104	semibin163_refined_aligned	108395	110444	r	0	1	prodigal	v4.6
105	semibin163_refined_aligned	110606	111581	f	0	1	prodigal	v4.6
106	semibin163_refined_aligned	111684	112908	r	0	1	prodigal	v4.6
107	semibin163_refined_aligned	112934	113627	r	0	1	prodigal	v4.6
108	semibin163_refined_aligned	113702	114131	r	0	1	prodigal	v4.6
109	semibin163_refined_aligned	114127	116260	r	0	1	prodigal	v4.6
110	semibin163_refined_aligned	116283	116868	r	0	1	prodigal	v4.6
111	semibin163_refined_aligned	116962	117667	f	0	1	prodigal	v4.6
112	semibin163_refined_aligned	117693	119016	f	0	1	prodigal	v4.6
113	semibin163_refined_aligned	119113	119308	f	0	1	prodigal	v4.6
114	semibin163_refined_aligned	119327	120086	f	0	1	prodigal	v4.6
115	semibin163_refined_aligned	120100	120799	r	0	1	prodigal	v4.6
116	semibin163_refined_aligned	120791	122807	r	0	1	prodigal	v4.6
117	semibin163_refined_aligned	122751	123750	r	0	1	prodigal	v4.6
118	semibin163_refined_aligned	123771	124248	r	0	1	prodigal	v4.6
119	semibin163_refined_aligned	124285	125281	r	0	1	prodigal	v4.6
120	semibin163_refined_aligned	125565	127110	f	0	1	prodigal	v4.6
121	semibin163_refined_aligned	127113	127854	f	0	1	prodigal	v4.6
122	semibin163_refined_aligned	128144	129968	f	0	1	prodigal	v4.6
123	semibin163_refined_aligned	129989	130877	r	0	1	prodigal	v4.6
124	semibin163_refined_aligned	130944	131313	r	0	1	prodigal	v4.6
125	semibin163_refined_aligned	131330	132041	r	0	1	prodigal	v4.6
126	semibin163_refined_aligned	132055	132577	r	0	1	prodigal	v4.6
127	semibin163_refined_aligned	132580	132985	r	0	1	prodigal	v4.6
128	semibin163_refined_aligned	133071	134421	r	0	1	prodigal	v4.6
129	semibin163_refined_aligned	134607	135585	f	0	1	prodigal	v4.6
130	semibin163_refined_aligned	135593	136211	r	0	1	prodigal	v4.6
131	semibin163_refined_aligned	136229	136886	r	0	1	prodigal	v4.6
132	semibin163_refined_aligned	136953	138579	r	0	1	prodigal	v4.6
133	semibin163_refined_aligned	139133	139604	r	0	1	prodigal	v4.6
134	semibin163_refined_aligned	139971	140742	f	0	1	prodigal	v4.6
135	semibin163_refined_aligned	140746	141394	f	0	1	prodigal	v4.6
136	semibin163_refined_aligned	141390	142035	f	0	1	prodigal	v4.6
137	semibin163_refined_aligned	142024	142843	f	0	1	prodigal	v4.6
138	semibin163_refined_aligned	142861	144124	f	0	1	prodigal	v4.6
139	semibin163_refined_aligned	144107	144944	r	0	1	prodigal	v4.6
140	semibin163_refined_aligned	144925	145615	r	0	1	prodigal	v4.6
141	semibin163_refined_aligned	145627	147151	r	0	1	prodigal	v4.6
142	semibin163_refined_aligned	147165	148224	r	0	1	prodigal	v4.6
143	semibin163_refined_aligned	148444	151504	f	0	1	prodigal	v4.6
144	semibin163_refined_aligned	151562	153833	f	0	1	prodigal	v4.6
145	semibin163_refined_aligned	153847	155422	f	0	1	prodigal	v4.6
146	semibin163_refined_aligned	155396	156614	r	0	1	prodigal	v4.6
147	semibin163_refined_aligned	156636	160296	r	0	1	prodigal	v4.6
148	semibin163_refined_aligned	160440	161640	r	0	1	prodigal	v4.6
149	semibin163_refined_aligned	161691	162591	r	0	1	prodigal	v4.6
150	semibin163_refined_aligned	162565	163765	r	0	1	prodigal	v4.6
151	semibin163_refined_aligned	163761	165057	r	0	1	prodigal	v4.6
152	semibin163_refined_aligned	165061	165592	r	0	1	prodigal	v4.6
153	semibin163_refined_aligned	165564	166311	r	0	1	prodigal	v4.6
154	semibin163_refined_aligned	166448	166841	r	0	1	prodigal	v4.6
155	semibin163_refined_aligned	167035	167341	f	0	1	prodigal	v4.6
156	semibin163_refined_aligned	167330	168677	r	0	1	prodigal	v4.6
157	semibin163_refined_aligned	168695	169859	r	0	1	prodigal	v4.6
158	semibin163_refined_aligned	170059	170875	r	0	1	prodigal	v4.6
159	semibin163_refined_aligned	171077	172211	r	0	1	prodigal	v4.6
160	semibin163_refined_aligned	172562	173600	r	0	1	prodigal	v4.6
161	semibin163_refined_aligned	173768	173990	f	0	1	prodigal	v4.6
162	semibin163_refined_aligned	174006	174669	r	0	1	prodigal	v4.6
163	semibin163_refined_aligned	174656	175442	r	0	1	prodigal	v4.6
164	semibin163_refined_aligned	175665	176322	f	0	1	prodigal	v4.6
165	semibin163_refined_aligned	176334	177003	f	0	1	prodigal	v4.6
166	semibin163_refined_aligned	176999	177725	r	0	1	prodigal	v4.6
167	semibin163_refined_aligned	177856	179026	f	0	1	prodigal	v4.6
168	semibin163_refined_aligned	179051	180131	r	0	1	prodigal	v4.6
169	semibin163_refined_aligned	180134	182864	r	0	1	prodigal	v4.6
170	semibin163_refined_aligned	182961	183813	r	0	1	prodigal	v4.6
171	semibin163_refined_aligned	183809	184880	r	0	1	prodigal	v4.6
172	semibin163_refined_aligned	184904	185609	r	0	1	prodigal	v4.6
173	semibin163_refined_aligned	185840	186581	f	0	1	prodigal	v4.6
174	semibin163_refined_aligned	186543	186921	r	0	1	prodigal	v4.6
175	semibin163_refined_aligned	187090	188026	r	0	1	prodigal	v4.6
176	semibin163_refined_aligned	188135	188462	r	0	1	prodigal	v4.6
177	semibin163_refined_aligned	188572	192097	r	0	1	prodigal	v4.6
178	semibin163_refined_aligned	192247	193354	r	0	1	prodigal	v4.6
179	semibin163_refined_aligned	193313	195713	r	0	1	prodigal	v4.6
180	semibin163_refined_aligned	195862	196030	f	0	1	prodigal	v4.6
181	semibin163_refined_aligned	195974	197171	f	0	1	prodigal	v4.6
182	semibin163_refined_aligned	197252	198815	r	0	1	prodigal	v4.6
183	semibin163_refined_aligned	198836	200660	r	0	1	prodigal	v4.6
184	semibin163_refined_aligned	200704	200980	r	0	1	prodigal	v4.6
185	semibin163_refined_aligned	201027	201489	r	0	1	prodigal	v4.6
186	semibin163_refined_aligned	201655	203386	f	0	1	prodigal	v4.6
187	semibin163_refined_aligned	203188	204064	r	0	1	prodigal	v4.6
188	semibin163_refined_aligned	204148	206029	r	0	1	prodigal	v4.6
189	semibin163_refined_aligned	206126	206639	r	0	1	prodigal	v4.6
190	semibin163_refined_aligned	207063	207912	f	0	1	prodigal	v4.6
191	semibin163_refined_aligned	208046	208760	r	0	1	prodigal	v4.6
192	semibin163_refined_aligned	208756	210919	r	0	1	prodigal	v4.6
193	semibin163_refined_aligned	211279	212158	r	0	1	prodigal	v4.6
194	semibin163_refined_aligned	212165	213563	r	0	1	prodigal	v4.6
195	semibin163_refined_aligned	213691	214858	r	0	1	prodigal	v4.6
196	semibin163_refined_aligned	214931	217295	r	0	1	prodigal	v4.6
197	semibin163_refined_aligned	217302	218010	r	0	1	prodigal	v4.6
198	semibin163_refined_aligned	218107	219640	f	0	1	prodigal	v4.6
199	semibin163_refined_aligned	220030	221680	r	0	1	prodigal	v4.6
200	semibin163_refined_aligned	221768	221975	r	0	1	prodigal	v4.6
201	semibin163_refined_aligned	221937	222489	r	0	1	prodigal	v4.6
202	semibin163_refined_aligned	222817	224467	r	0	1	prodigal	v4.6
203	semibin163_refined_aligned	224552	224762	r	0	1	prodigal	v4.6
204	semibin163_refined_aligned	224724	225276	r	0	1	prodigal	v4.6
205	semibin163_refined_aligned	225573	226446	f	0	1	prodigal	v4.6
206	semibin163_refined_aligned	226533	228186	f	0	1	prodigal	v4.6
207	semibin163_refined_aligned	228563	228860	r	0	1	prodigal	v4.6
208	semibin163_refined_aligned	229420	230803	r	0	1	prodigal	v4.6
209	semibin163_refined_aligned	230837	231452	r	0	1	prodigal	v4.6
210	semibin163_refined_aligned	231459	231768	r	0	1	prodigal	v4.6
211	semibin163_refined_aligned	231816	232800	r	0	1	prodigal	v4.6
212	semibin163_refined_aligned	232873	233674	f	0	1	prodigal	v4.6
213	semibin163_refined_aligned	233642	234065	r	0	1	prodigal	v4.6
214	semibin163_refined_aligned	234337	234799	r	0	1	prodigal	v4.6
215	semibin163_refined_aligned	234795	235551	r	0	1	prodigal	v4.6
216	semibin163_refined_aligned	235555	236896	r	0	1	prodigal	v4.6
217	semibin163_refined_aligned	237055	237853	f	0	1	prodigal	v4.6
218	semibin163_refined_aligned	237928	238360	f	0	1	prodigal	v4.6
219	semibin163_refined_aligned	238494	240048	f	0	1	prodigal	v4.6
220	semibin163_refined_aligned	240388	241234	f	0	1	prodigal	v4.6
221	semibin163_refined_aligned	241327	241687	f	0	1	prodigal	v4.6
222	semibin163_refined_aligned	241754	242609	f	0	1	prodigal	v4.6
223	semibin163_refined_aligned	242656	242923	f	0	1	prodigal	v4.6
224	semibin163_refined_aligned	243050	243467	f	0	1	prodigal	v4.6
225	semibin163_refined_aligned	243626	244913	f	0	1	prodigal	v4.6
226	semibin163_refined_aligned	245000	246176	f	0	1	prodigal	v4.6
227	semibin163_refined_aligned	246165	248187	r	0	1	prodigal	v4.6
228	semibin163_refined_aligned	248374	249397	f	0	1	prodigal	v4.6
229	semibin163_refined_aligned	249470	250355	f	0	1	prodigal	v4.6
230	semibin163_refined_aligned	250440	250668	f	0	1	prodigal	v4.6
231	semibin163_refined_aligned	250715	251303	r	0	1	prodigal	v4.6
232	semibin163_refined_aligned	251398	252121	r	0	1	prodigal	v4.6
233	semibin163_refined_aligned	252110	252869	r	0	1	prodigal	v4.6
234	semibin163_refined_aligned	252893	253925	r	0	1	prodigal	v4.6
235	semibin163_refined_aligned	254025	256128	r	0	1	prodigal	v4.6
236	semibin163_refined_aligned	256375	259015	r	0	1	prodigal	v4.6
237	semibin163_refined_aligned	259172	259622	f	0	1	prodigal	v4.6
238	semibin163_refined_aligned	259704	264675	r	0	1	prodigal	v4.6
239	semibin163_refined_aligned	264981	265344	f	0	1	prodigal	v4.6
240	semibin163_refined_aligned	265368	265692	f	0	1	prodigal	v4.6
241	semibin163_refined_aligned	265784	266039	f	0	1	prodigal	v4.6
242	semibin163_refined_aligned	266026	266482	f	0	1	prodigal	v4.6
243	semibin163_refined_aligned	266494	267292	r	0	1	prodigal	v4.6
244	semibin163_refined_aligned	267328	268399	r	0	1	prodigal	v4.6
245	semibin163_refined_aligned	268486	268927	r	0	1	prodigal	v4.6
246	semibin163_refined_aligned	269090	269426	f	0	1	prodigal	v4.6
247	semibin163_refined_aligned	269478	269715	f	0	1	prodigal	v4.6
248	semibin163_refined_aligned	269711	270773	f	0	1	prodigal	v4.6
249	semibin163_refined_aligned	270809	271235	f	0	1	prodigal	v4.6
250	semibin163_refined_aligned	271231	272272	f	0	1	prodigal	v4.6
251	semibin163_refined_aligned	272420	273347	f	0	1	prodigal	v4.6
252	semibin163_refined_aligned	273358	276475	r	0	1	prodigal	v4.6
253	semibin163_refined_aligned	276496	276673	r	0	1	prodigal	v4.6
254	semibin163_refined_aligned	276784	277048	f	0	1	prodigal	v4.6
255	semibin163_refined_aligned	277062	278277	f	0	1	prodigal	v4.6
256	semibin163_refined_aligned	278288	279569	f	0	1	prodigal	v4.6
257	semibin163_refined_aligned	279640	280186	f	0	1	prodigal	v4.6
258	semibin163_refined_aligned	280182	280674	f	0	1	prodigal	v4.6
259	semibin163_refined_aligned	280686	281163	f	0	1	prodigal	v4.6
260	semibin163_refined_aligned	281223	281379	r	0	1	prodigal	v4.6
261	semibin163_refined_aligned	281641	281953	r	0	1	prodigal	v4.6
262	semibin163_refined_aligned	282012	282309	r	0	1	prodigal	v4.6
263	semibin163_refined_aligned	282578	282692	r	0	1	prodigal	v4.6
264	semibin163_refined_aligned	283041	283287	f	0	1	prodigal	v4.6
265	semibin163_refined_aligned	283725	284283	r	0	1	prodigal	v4.6
266	semibin163_refined_aligned	284362	284911	r	0	1	prodigal	v4.6
267	semibin163_refined_aligned	285343	285457	f	0	1	prodigal	v4.6
268	semibin163_refined_aligned	285555	285786	f	0	1	prodigal	v4.6
269	semibin163_refined_aligned	285825	286617	f	0	1	prodigal	v4.6
270	semibin163_refined_aligned	286622	288041	f	0	1	prodigal	v4.6
271	semibin163_refined_aligned	288043	288484	f	0	1	prodigal	v4.6
272	semibin163_refined_aligned	288486	289572	f	0	1	prodigal	v4.6
273	semibin163_refined_aligned	289578	290727	f	0	1	prodigal	v4.6
274	semibin163_refined_aligned	290702	292118	f	0	1	prodigal	v4.6
275	semibin163_refined_aligned	292133	293102	f	0	1	prodigal	v4.6
276	semibin163_refined_aligned	293119	294067	f	0	1	prodigal	v4.6
277	semibin163_refined_aligned	294070	294793	f	0	1	prodigal	v4.6
278	semibin163_refined_aligned	294880	296329	f	0	1	prodigal	v4.6
279	semibin163_refined_aligned	296328	296949	f	0	1	prodigal	v4.6
280	semibin163_refined_aligned	296953	300322	f	0	1	prodigal	v4.6
281	semibin163_refined_aligned	300318	301554	f	0	1	prodigal	v4.6
282	semibin163_refined_aligned	301498	302299	r	0	1	prodigal	v4.6
283	semibin163_refined_aligned	302295	303846	r	0	1	prodigal	v4.6
284	semibin163_refined_aligned	303859	305479	r	0	1	prodigal	v4.6
285	semibin163_refined_aligned	305481	306012	r	0	1	prodigal	v4.6
286	semibin163_refined_aligned	306033	307383	r	0	1	prodigal	v4.6
287	semibin163_refined_aligned	307446	308463	f	0	1	prodigal	v4.6
288	semibin163_refined_aligned	308675	310550	r	0	1	prodigal	v4.6
289	semibin163_refined_aligned	310569	311088	r	0	1	prodigal	v4.6
290	semibin163_refined_aligned	311133	312888	r	0	1	prodigal	v4.6
291	semibin163_refined_aligned	312980	313322	r	0	1	prodigal	v4.6
292	semibin163_refined_aligned	313299	314133	r	0	1	prodigal	v4.6
293	semibin163_refined_aligned	314182	314488	r	0	1	prodigal	v4.6
294	semibin163_refined_aligned	314521	314986	r	0	1	prodigal	v4.6
295	semibin163_refined_aligned	315034	315385	r	0	1	prodigal	v4.6
296	semibin163_refined_aligned	315444	316029	r	0	1	prodigal	v4.6
297	semibin163_refined_aligned	316366	317275	f	0	1	prodigal	v4.6
298	semibin163_refined_aligned	317252	317855	r	0	1	prodigal	v4.6
299	semibin163_refined_aligned	317885	319214	r	0	1	prodigal	v4.6
300	semibin163_refined_aligned	319547	319814	f	0	1	prodigal	v4.6
301	semibin163_refined_aligned	319859	320057	f	0	1	prodigal	v4.6
302	semibin163_refined_aligned	320976	322746	r	0	1	prodigal	v4.6
303	semibin163_refined_aligned	323094	323283	f	0	1	prodigal	v4.6
304	semibin163_refined_aligned	323233	323548	r	0	1	prodigal	v4.6
305	semibin163_refined_aligned	323587	323899	r	0	1	prodigal	v4.6
306	semibin163_refined_aligned	323882	324188	r	0	1	prodigal	v4.6
307	semibin163_refined_aligned	324337	324430	r	0	1	prodigal	v4.6
308	semibin163_refined_aligned	324653	324767	f	0	1	prodigal	v4.6
309	semibin163_refined_aligned	324968	325505	r	0	1	prodigal	v4.6
310	semibin163_refined_aligned	325603	326794	r	0	1	prodigal	v4.6
311	semibin163_refined_aligned	326923	327124	r	0	1	prodigal	v4.6
312	semibin163_refined_aligned	327068	327578	r	0	1	prodigal	v4.6
313	semibin163_refined_aligned	327754	330739	r	0	1	prodigal	v4.6
314	semibin163_refined_aligned	330735	331686	r	0	1	prodigal	v4.6
315	semibin163_refined_aligned	331685	333164	r	0	1	prodigal	v4.6
316	semibin163_refined_aligned	333165	333261	r	0	1	prodigal	v4.6
317	semibin163_refined_aligned	333253	334396	r	0	1	prodigal	v4.6
318	semibin163_refined_aligned	334428	337200	r	0	1	prodigal	v4.6
319	semibin163_refined_aligned	337196	337562	r	0	1	prodigal	v4.6
320	semibin163_refined_aligned	338960	339311	r	0	1	prodigal	v4.6
321	semibin163_refined_aligned	339370	341515	r	0	1	prodigal	v4.6
322	semibin163_refined_aligned	341622	343146	r	0	1	prodigal	v4.6
323	semibin163_refined_aligned	343142	344666	r	0	1	prodigal	v4.6
324	semibin163_refined_aligned	344888	345203	r	0	1	prodigal	v4.6
325	semibin163_refined_aligned	345242	346160	r	0	1	prodigal	v4.6
326	semibin163_refined_aligned	346238	346655	r	0	1	prodigal	v4.6
327	semibin163_refined_aligned	346651	346969	r	0	1	prodigal	v4.6
328	semibin163_refined_aligned	346976	347165	r	0	1	prodigal	v4.6
329	semibin163_refined_aligned	347189	347495	r	0	1	prodigal	v4.6
330	semibin163_refined_aligned	348028	348775	r	0	1	prodigal	v4.6
331	semibin163_refined_aligned	348853	349582	r	0	1	prodigal	v4.6
332	semibin163_refined_aligned	351032	351284	f	0	1	prodigal	v4.6
333	semibin163_refined_aligned	351320	351518	f	0	1	prodigal	v4.6
334	semibin163_refined_aligned	351572	352553	r	0	1	prodigal	v4.6
335	semibin163_refined_aligned	352650	355044	f	0	1	prodigal	v4.6
336	semibin163_refined_aligned	355046	355463	f	0	1	prodigal	v4.6
337	semibin163_refined_aligned	355459	355825	f	0	1	prodigal	v4.6
338	semibin163_refined_aligned	355821	357339	f	0	1	prodigal	v4.6
339	semibin163_refined_aligned	357335	357809	f	0	1	prodigal	v4.6
340	semibin163_refined_aligned	357805	358078	f	0	1	prodigal	v4.6
341	semibin163_refined_aligned	358074	358410	f	0	1	prodigal	v4.6
342	semibin163_refined_aligned	358461	359736	f	0	1	prodigal	v4.6
343	semibin163_refined_aligned	359838	360621	f	0	1	prodigal	v4.6
344	semibin163_refined_aligned	360581	360860	f	0	1	prodigal	v4.6
345	semibin163_refined_aligned	360725	361880	r	0	1	prodigal	v4.6
346	semibin163_refined_aligned	362140	362833	r	0	1	prodigal	v4.6
347	semibin163_refined_aligned	362832	363579	r	0	1	prodigal	v4.6
348	semibin163_refined_aligned	363589	364363	r	0	1	prodigal	v4.6
349	semibin163_refined_aligned	364592	365300	r	0	1	prodigal	v4.6
350	semibin163_refined_aligned	365368	365869	f	0	1	prodigal	v4.6
351	semibin163_refined_aligned	365845	366160	r	0	1	prodigal	v4.6
352	semibin163_refined_aligned	366292	366742	f	0	1	prodigal	v4.6
353	semibin163_refined_aligned	366686	367382	f	0	1	prodigal	v4.6
354	semibin163_refined_aligned	367409	368633	f	0	1	prodigal	v4.6
355	semibin163_refined_aligned	368719	370255	r	0	1	prodigal	v4.6
356	semibin163_refined_aligned	370302	371940	r	0	1	prodigal	v4.6
357	semibin163_refined_aligned	371983	373219	r	0	1	prodigal	v4.6
358	semibin163_refined_aligned	373711	373978	f	0	1	prodigal	v4.6
359	semibin163_refined_aligned	374098	374335	f	0	1	prodigal	v4.6
360	semibin163_refined_aligned	374471	374789	r	0	1	prodigal	v4.6
361	semibin163_refined_aligned	374800	375319	r	0	1	prodigal	v4.6
362	semibin163_refined_aligned	375311	375956	r	0	1	prodigal	v4.6
363	semibin163_refined_aligned	375968	377075	r	0	1	prodigal	v4.6
364	semibin163_refined_aligned	377071	378277	r	0	1	prodigal	v4.6
365	semibin163_refined_aligned	378313	378841	r	0	1	prodigal	v4.6
366	semibin163_refined_aligned	378877	379450	r	0	1	prodigal	v4.6
367	semibin163_refined_aligned	379489	379906	r	0	1	prodigal	v4.6
368	semibin163_refined_aligned	380246	381704	f	0	1	prodigal	v4.6
369	semibin163_refined_aligned	381714	382779	f	0	1	prodigal	v4.6
370	semibin163_refined_aligned	382821	383679	f	0	1	prodigal	v4.6
371	semibin163_refined_aligned	383683	383917	r	0	1	prodigal	v4.6
372	semibin163_refined_aligned	383927	384539	r	0	1	prodigal	v4.6
373	semibin163_refined_aligned	384552	385593	r	0	1	prodigal	v4.6
374	semibin163_refined_aligned	385589	386183	r	0	1	prodigal	v4.6
375	semibin163_refined_aligned	386578	387097	f	0	1	prodigal	v4.6
376	semibin163_refined_aligned	387110	388025	f	0	1	prodigal	v4.6
377	semibin163_refined_aligned	387995	389378	r	0	1	prodigal	v4.6
378	semibin163_refined_aligned	389400	390723	r	0	1	prodigal	v4.6
379	semibin163_refined_aligned	390722	391376	r	0	1	prodigal	v4.6
380	semibin163_refined_aligned	391468	391969	r	0	1	prodigal	v4.6
381	semibin163_refined_aligned	392093	392348	r	0	1	prodigal	v4.6
382	semibin163_refined_aligned	392372	392792	r	0	1	prodigal	v4.6
383	semibin163_refined_aligned	392887	393997	r	0	1	prodigal	v4.6
384	semibin163_refined_aligned	393996	394515	r	0	1	prodigal	v4.6
385	semibin163_refined_aligned	394573	396154	f	0	1	prodigal	v4.6
386	semibin163_refined_aligned	396166	396526	f	0	1	prodigal	v4.6
387	semibin163_refined_aligned	396522	397656	r	0	1	prodigal	v4.6
388	semibin163_refined_aligned	397795	398131	r	0	1	prodigal	v4.6
389	semibin163_refined_aligned	398233	398473	f	0	1	prodigal	v4.6
390	semibin163_refined_aligned	398484	399093	f	0	1	prodigal	v4.6
391	semibin163_refined_aligned	399182	400757	r	0	1	prodigal	v4.6
392	semibin163_refined_aligned	401072	401336	r	0	1	prodigal	v4.6
393	semibin163_refined_aligned	401344	401653	r	0	1	prodigal	v4.6
394	semibin163_refined_aligned	401664	404076	r	0	1	prodigal	v4.6
395	semibin163_refined_aligned	404780	406082	r	0	1	prodigal	v4.6
396	semibin163_refined_aligned	406092	409236	r	0	1	prodigal	v4.6
397	semibin163_refined_aligned	409232	410381	r	0	1	prodigal	v4.6
398	semibin163_refined_aligned	410395	410812	r	0	1	prodigal	v4.6
399	semibin163_refined_aligned	410891	411869	f	0	1	prodigal	v4.6
400	semibin163_refined_aligned	412113	413325	f	0	1	prodigal	v4.6
401	semibin163_refined_aligned	413349	414771	f	0	1	prodigal	v4.6
402	semibin163_refined_aligned	415004	415658	f	0	1	prodigal	v4.6
403	semibin163_refined_aligned	415658	416615	r	0	1	prodigal	v4.6
404	semibin163_refined_aligned	416655	417138	r	0	1	prodigal	v4.6
405	semibin163_refined_aligned	417293	418616	f	0	1	prodigal	v4.6
406	semibin163_refined_aligned	418612	420046	f	0	1	prodigal	v4.6
407	semibin163_refined_aligned	420051	420891	f	0	1	prodigal	v4.6
408	semibin163_refined_aligned	421000	422176	f	0	1	prodigal	v4.6
409	semibin163_refined_aligned	422293	422611	f	0	1	prodigal	v4.6
410	semibin163_refined_aligned	422657	423470	f	0	1	prodigal	v4.6
411	semibin163_refined_aligned	423480	424839	r	0	1	prodigal	v4.6
412	semibin163_refined_aligned	425016	425697	f	0	1	prodigal	v4.6
413	semibin163_refined_aligned	425693	426803	f	0	1	prodigal	v4.6
414	semibin163_refined_aligned	426847	429841	f	0	1	prodigal	v4.6
415	semibin163_refined_aligned	429847	431221	f	0	1	prodigal	v4.6
416	semibin163_refined_aligned	431285	431729	f	0	1	prodigal	v4.6
417	semibin163_refined_aligned	432253	433147	f	0	1	prodigal	v4.6
418	semibin163_refined_aligned	433119	433836	r	0	1	prodigal	v4.6
419	semibin163_refined_aligned	433825	435010	r	0	1	prodigal	v4.6
420	semibin163_refined_aligned	435006	435423	r	0	1	prodigal	v4.6
421	semibin163_refined_aligned	435432	436851	r	0	1	prodigal	v4.6
422	semibin163_refined_aligned	436847	439010	r	0	1	prodigal	v4.6
423	semibin163_refined_aligned	439044	440382	r	0	1	prodigal	v4.6
424	semibin163_refined_aligned	441031	443194	r	0	1	prodigal	v4.6
425	semibin163_refined_aligned	443210	444779	r	0	1	prodigal	v4.6
426	semibin163_refined_aligned	444804	446637	r	0	1	prodigal	v4.6
427	semibin163_refined_aligned	446714	452240	r	0	1	prodigal	v4.6
428	semibin163_refined_aligned	452637	453081	f	0	1	prodigal	v4.6
429	semibin163_refined_aligned	454067	454499	r	0	1	prodigal	v4.6
430	semibin163_refined_aligned	454916	455141	r	0	1	prodigal	v4.6
431	semibin163_refined_aligned	455455	455593	r	0	1	prodigal	v4.6
432	semibin163_refined_aligned	455637	458496	r	0	1	prodigal	v4.6
433	semibin163_refined_aligned	458768	458873	r	0	1	prodigal	v4.6
434	semibin163_refined_aligned	458980	459388	r	0	1	prodigal	v4.6
435	semibin163_refined_aligned	459602	459983	f	0	1	prodigal	v4.6
436	semibin163_refined_aligned	460151	461087	r	0	1	prodigal	v4.6
437	semibin163_refined_aligned	461076	462213	r	0	1	prodigal	v4.6
438	semibin163_refined_aligned	462222	464421	r	0	1	prodigal	v4.6
439	semibin163_refined_aligned	464417	465218	r	0	1	prodigal	v4.6
440	semibin163_refined_aligned	465672	466398	r	0	1	prodigal	v4.6
441	semibin163_refined_aligned	466397	469658	r	0	1	prodigal	v4.6
442	semibin163_refined_aligned	469661	469844	r	0	1	prodigal	v4.6
443	semibin163_refined_aligned	469940	471020	r	0	1	prodigal	v4.6
444	semibin163_refined_aligned	471020	472199	r	0	1	prodigal	v4.6
445	semibin163_refined_aligned	472195	472465	r	0	1	prodigal	v4.6
446	semibin163_refined_aligned	472457	473471	r	0	1	prodigal	v4.6
447	semibin163_refined_aligned	473467	474211	r	0	1	prodigal	v4.6
448	semibin163_refined_aligned	474295	475864	r	0	1	prodigal	v4.6
449	semibin163_refined_aligned	475856	476804	r	0	1	prodigal	v4.6
450	semibin163_refined_aligned	476812	477046	r	0	1	prodigal	v4.6
451	semibin163_refined_aligned	477048	478275	r	0	1	prodigal	v4.6
452	semibin163_refined_aligned	478271	478394	r	0	1	prodigal	v4.6
453	semibin163_refined_aligned	478390	478750	r	0	1	prodigal	v4.6
454	semibin163_refined_aligned	478739	479282	r	0	1	prodigal	v4.6
455	semibin163_refined_aligned	479386	480241	r	0	1	prodigal	v4.6
456	semibin163_refined_aligned	480237	480411	r	0	1	prodigal	v4.6
457	semibin163_refined_aligned	480417	481986	r	0	1	prodigal	v4.6
458	semibin163_refined_aligned	481988	482567	r	0	1	prodigal	v4.6
459	semibin163_refined_aligned	483992	484472	r	0	1	prodigal	v4.6
460	semibin163_refined_aligned	484614	485130	f	0	1	prodigal	v4.6
461	semibin163_refined_aligned	485092	485827	f	0	1	prodigal	v4.6
462	semibin163_refined_aligned	485823	487095	r	0	1	prodigal	v4.6
463	semibin163_refined_aligned	487091	488906	r	0	1	prodigal	v4.6
464	semibin163_refined_aligned	488874	489585	r	0	1	prodigal	v4.6
465	semibin163_refined_aligned	489729	490695	r	0	1	prodigal	v4.6
466	semibin163_refined_aligned	490733	494030	f	0	1	prodigal	v4.6
467	semibin163_refined_aligned	494111	494750	f	0	1	prodigal	v4.6
468	semibin163_refined_aligned	494882	495551	f	0	1	prodigal	v4.6
469	semibin163_refined_aligned	495614	496310	f	0	1	prodigal	v4.6
470	semibin163_refined_aligned	496339	497560	f	0	1	prodigal	v4.6
471	semibin163_refined_aligned	497564	499076	r	0	1	prodigal	v4.6
472	semibin163_refined_aligned	499231	499828	f	0	1	prodigal	v4.6
473	semibin163_refined_aligned	499873	500110	f	0	1	prodigal	v4.6
474	semibin163_refined_aligned	500240	500630	f	0	1	prodigal	v4.6
475	semibin163_refined_aligned	500939	501338	f	0	1	prodigal	v4.6
476	semibin163_refined_aligned	501405	503334	f	0	1	prodigal	v4.6
477	semibin163_refined_aligned	503475	503859	f	0	1	prodigal	v4.6
478	semibin163_refined_aligned	503919	504138	r	0	1	prodigal	v4.6
479	semibin163_refined_aligned	504310	505189	r	0	1	prodigal	v4.6
480	semibin163_refined_aligned	505214	505751	r	0	1	prodigal	v4.6
481	semibin163_refined_aligned	505832	506303	r	0	1	prodigal	v4.6
482	semibin163_refined_aligned	506351	507710	r	0	1	prodigal	v4.6
483	semibin163_refined_aligned	507777	508218	r	0	1	prodigal	v4.6
484	semibin163_refined_aligned	508338	509007	r	0	1	prodigal	v4.6
485	semibin163_refined_aligned	509044	510625	r	0	1	prodigal	v4.6
486	semibin163_refined_aligned	511115	512807	f	0	1	prodigal	v4.6
487	semibin163_refined_aligned	512818	514540	f	0	1	prodigal	v4.6
488	semibin163_refined_aligned	514551	515031	f	0	1	prodigal	v4.6
489	semibin163_refined_aligned	515076	516069	f	0	1	prodigal	v4.6
490	semibin163_refined_aligned	516079	517141	f	0	1	prodigal	v4.6
491	semibin163_refined_aligned	517145	518732	f	0	1	prodigal	v4.6
492	semibin163_refined_aligned	518738	520037	f	0	1	prodigal	v4.6
493	semibin163_refined_aligned	520079	520640	f	0	1	prodigal	v4.6
494	semibin163_refined_aligned	520661	522257	f	0	1	prodigal	v4.6
495	semibin163_refined_aligned	522269	522761	r	0	1	prodigal	v4.6
496	semibin163_refined_aligned	522904	523576	f	0	1	prodigal	v4.6
497	semibin163_refined_aligned	523622	523883	r	0	1	prodigal	v4.6
498	semibin163_refined_aligned	524125	524857	f	0	1	prodigal	v4.6
499	semibin163_refined_aligned	524878	525337	f	0	1	prodigal	v4.6
500	semibin163_refined_aligned	525352	526636	f	0	1	prodigal	v4.6
501	semibin163_refined_aligned	526670	527744	r	0	1	prodigal	v4.6
502	semibin163_refined_aligned	527753	529043	r	0	1	prodigal	v4.6
503	semibin163_refined_aligned	529372	530710	f	0	1	prodigal	v4.6
504	semibin163_refined_aligned	530712	531621	f	0	1	prodigal	v4.6
505	semibin163_refined_aligned	531621	532143	r	0	1	prodigal	v4.6
506	semibin163_refined_aligned	532167	533559	r	0	1	prodigal	v4.6
507	semibin163_refined_aligned	533620	534433	r	0	1	prodigal	v4.6
508	semibin163_refined_aligned	534462	534927	r	0	1	prodigal	v4.6
509	semibin163_refined_aligned	534944	536714	r	0	1	prodigal	v4.6
510	semibin163_refined_aligned	536827	537286	r	0	1	prodigal	v4.6
511	semibin163_refined_aligned	537460	538741	f	0	1	prodigal	v4.6
512	semibin163_refined_aligned	538795	539266	f	0	1	prodigal	v4.6
513	semibin163_refined_aligned	539265	540276	f	0	1	prodigal	v4.6
514	semibin163_refined_aligned	540272	540971	f	0	1	prodigal	v4.6
515	semibin163_refined_aligned	540984	544455	r	0	1	prodigal	v4.6
516	semibin163_refined_aligned	544664	545636	r	0	1	prodigal	v4.6
517	semibin163_refined_aligned	545651	546029	r	0	1	prodigal	v4.6
518	semibin163_refined_aligned	546159	547059	f	0	1	prodigal	v4.6
519	semibin163_refined_aligned	547058	547877	f	0	1	prodigal	v4.6
520	semibin163_refined_aligned	547887	548382	f	0	1	prodigal	v4.6
521	semibin163_refined_aligned	548385	550149	f	0	1	prodigal	v4.6
522	semibin163_refined_aligned	550156	551632	f	0	1	prodigal	v4.6
523	semibin163_refined_aligned	551631	552099	f	0	1	prodigal	v4.6
524	semibin163_refined_aligned	552115	553333	f	0	1	prodigal	v4.6
525	semibin163_refined_aligned	553430	553955	f	0	1	prodigal	v4.6
526	semibin163_refined_aligned	554088	555054	f	0	1	prodigal	v4.6
527	semibin163_refined_aligned	555050	556646	f	0	1	prodigal	v4.6
528	semibin163_refined_aligned	556657	557488	r	0	1	prodigal	v4.6
529	semibin163_refined_aligned	557500	558004	r	0	1	prodigal	v4.6
530	semibin163_refined_aligned	558003	559275	r	0	1	prodigal	v4.6
531	semibin163_refined_aligned	559455	560619	f	0	1	prodigal	v4.6
532	semibin163_refined_aligned	561075	561363	f	0	1	prodigal	v4.6
533	semibin163_refined_aligned	561381	561873	f	0	1	prodigal	v4.6
534	semibin163_refined_aligned	562249	562498	f	0	1	prodigal	v4.6
535	semibin163_refined_aligned	562475	562697	f	0	1	prodigal	v4.6
536	semibin163_refined_aligned	563028	564303	f	0	1	prodigal	v4.6
537	semibin163_refined_aligned	565025	566504	f	0	1	prodigal	v4.6
538	semibin163_refined_aligned	566568	566730	r	0	1	prodigal	v4.6
539	semibin163_refined_aligned	566942	567524	f	0	1	prodigal	v4.6
540	semibin163_refined_aligned	567610	567853	r	0	1	prodigal	v4.6
541	semibin163_refined_aligned	568002	570567	r	0	1	prodigal	v4.6
542	semibin163_refined_aligned	570748	571771	r	0	1	prodigal	v4.6
543	semibin163_refined_aligned	571767	573051	r	0	1	prodigal	v4.6
544	semibin163_refined_aligned	573273	574302	f	0	1	prodigal	v4.6
545	semibin163_refined_aligned	574295	575450	r	0	1	prodigal	v4.6
546	semibin163_refined_aligned	575532	576141	r	0	1	prodigal	v4.6
547	semibin163_refined_aligned	576361	578458	r	0	1	prodigal	v4.6
548	semibin163_refined_aligned	578462	579221	r	0	1	prodigal	v4.6
549	semibin163_refined_aligned	579334	580903	r	0	1	prodigal	v4.6
550	semibin163_refined_aligned	580937	581876	r	0	1	prodigal	v4.6
551	semibin163_refined_aligned	582176	584081	r	0	1	prodigal	v4.6
552	semibin163_refined_aligned	584166	585852	r	0	1	prodigal	v4.6
553	semibin163_refined_aligned	587272	587587	f	0	1	prodigal	v4.6
554	semibin163_refined_aligned	587802	588453	r	0	1	prodigal	v4.6
555	semibin163_refined_aligned	588449	589229	r	0	1	prodigal	v4.6
556	semibin163_refined_aligned	589221	591600	r	0	1	prodigal	v4.6
557	semibin163_refined_aligned	591603	592803	r	0	1	prodigal	v4.6
558	semibin163_refined_aligned	592925	593174	r	0	1	prodigal	v4.6
559	semibin163_refined_aligned	593288	593489	f	0	1	prodigal	v4.6
560	semibin163_refined_aligned	593485	594691	f	0	1	prodigal	v4.6
561	semibin163_refined_aligned	594687	595248	r	0	1	prodigal	v4.6
562	semibin163_refined_aligned	595314	596340	r	0	1	prodigal	v4.6
563	semibin163_refined_aligned	596351	597149	r	0	1	prodigal	v4.6
564	semibin163_refined_aligned	597149	597845	r	0	1	prodigal	v4.6
565	semibin163_refined_aligned	597871	598552	r	0	1	prodigal	v4.6
566	semibin163_refined_aligned	598688	600338	r	0	1	prodigal	v4.6
567	semibin163_refined_aligned	600389	600677	r	0	1	prodigal	v4.6
568	semibin163_refined_aligned	600877	601156	f	0	1	prodigal	v4.6
569	semibin163_refined_aligned	601161	604029	r	0	1	prodigal	v4.6
570	semibin163_refined_aligned	604133	604547	r	0	1	prodigal	v4.6
571	semibin163_refined_aligned	604736	605609	f	0	1	prodigal	v4.6
572	semibin163_refined_aligned	605605	608248	r	0	1	prodigal	v4.6
573	semibin163_refined_aligned	608331	609534	f	0	1	prodigal	v4.6
574	semibin163_refined_aligned	609705	610176	r	0	1	prodigal	v4.6
575	semibin163_refined_aligned	610271	610892	f	0	1	prodigal	v4.6
576	semibin163_refined_aligned	610936	613351	r	0	1	prodigal	v4.6
577	semibin163_refined_aligned	613447	613576	f	0	1	prodigal	v4.6
578	semibin163_refined_aligned	613622	614531	f	0	1	prodigal	v4.6
579	semibin163_refined_aligned	614540	616706	r	0	1	prodigal	v4.6
580	semibin163_refined_aligned	616698	617013	r	0	1	prodigal	v4.6
581	semibin163_refined_aligned	617054	617441	r	0	1	prodigal	v4.6
582	semibin163_refined_aligned	617614	618475	f	0	1	prodigal	v4.6
583	semibin163_refined_aligned	618599	619091	f	0	1	prodigal	v4.6
584	semibin163_refined_aligned	619117	619618	f	0	1	prodigal	v4.6
585	semibin163_refined_aligned	619688	620141	r	0	1	prodigal	v4.6
586	semibin163_refined_aligned	620592	622029	r	0	1	prodigal	v4.6
587	semibin163_refined_aligned	622021	625195	r	0	1	prodigal	v4.6
588	semibin163_refined_aligned	625200	626373	r	0	1	prodigal	v4.6
589	semibin163_refined_aligned	626794	627571	f	0	1	prodigal	v4.6
590	semibin163_refined_aligned	627580	628408	r	0	1	prodigal	v4.6
591	semibin163_refined_aligned	628597	631219	f	0	1	prodigal	v4.6
592	semibin163_refined_aligned	631729	631936	r	0	1	prodigal	v4.6
593	semibin163_refined_aligned	632346	633420	r	0	1	prodigal	v4.6
594	semibin163_refined_aligned	633668	634235	r	0	1	prodigal	v4.6
595	semibin163_refined_aligned	634429	635023	r	0	1	prodigal	v4.6
596	semibin163_refined_aligned	635416	636010	r	0	1	prodigal	v4.6
597	semibin163_refined_aligned	636196	636418	r	0	1	prodigal	v4.6
598	semibin163_refined_aligned	636518	637151	f	0	1	prodigal	v4.6
599	semibin163_refined_aligned	637216	639955	f	0	1	prodigal	v4.6
600	semibin163_refined_aligned	639971	640259	r	0	1	prodigal	v4.6
601	semibin163_refined_aligned	640673	640949	r	0	1	prodigal	v4.6
602	semibin163_refined_aligned	640941	641295	r	0	1	prodigal	v4.6
603	semibin163_refined_aligned	641732	642833	r	0	1	prodigal	v4.6
604	semibin163_refined_aligned	643065	644295	r	0	1	prodigal	v4.6
605	semibin163_refined_aligned	644294	645053	r	0	1	prodigal	v4.6
606	semibin163_refined_aligned	645138	645621	r	0	1	prodigal	v4.6
607	semibin163_refined_aligned	645794	646298	f	0	1	prodigal	v4.6
608	semibin163_refined_aligned	646493	648920	r	0	1	prodigal	v4.6
609	semibin163_refined_aligned	649131	650136	r	0	1	prodigal	v4.6
610	semibin163_refined_aligned	650222	651917	r	0	1	prodigal	v4.6
611	semibin163_refined_aligned	652015	652750	r	0	1	prodigal	v4.6
612	semibin163_refined_aligned	652830	653937	r	0	1	prodigal	v4.6
613	semibin163_refined_aligned	654078	654753	r	0	1	prodigal	v4.6
614	semibin163_refined_aligned	654891	655878	r	0	1	prodigal	v4.6
615	semibin163_refined_aligned	655877	656249	r	0	1	prodigal	v4.6
616	semibin163_refined_aligned	656574	657018	r	0	1	prodigal	v4.6
617	semibin163_refined_aligned	657641	659384	r	0	1	prodigal	v4.6
618	semibin163_refined_aligned	659380	661159	r	0	1	prodigal	v4.6
619	semibin163_refined_aligned	661155	661776	r	0	1	prodigal	v4.6
620	semibin163_refined_aligned	661762	662635	r	0	1	prodigal	v4.6
621	semibin163_refined_aligned	662911	663214	r	0	1	prodigal	v4.6
622	semibin163_refined_aligned	663294	665535	r	0	1	prodigal	v4.6
623	semibin163_refined_aligned	665634	667077	r	0	1	prodigal	v4.6
624	semibin163_refined_aligned	667387	667897	r	0	1	prodigal	v4.6
625	semibin163_refined_aligned	668077	668326	r	0	1	prodigal	v4.6
626	semibin163_refined_aligned	668338	669523	r	0	1	prodigal	v4.6
627	semibin163_refined_aligned	669522	669798	r	0	1	prodigal	v4.6
628	semibin163_refined_aligned	669913	670075	f	0	1	prodigal	v4.6
629	semibin163_refined_aligned	670078	671092	f	0	1	prodigal	v4.6
630	semibin163_refined_aligned	671121	672486	r	0	1	prodigal	v4.6
631	semibin163_refined_aligned	672482	674522	r	0	1	prodigal	v4.6
632	semibin163_refined_aligned	674630	675200	r	0	1	prodigal	v4.6
633	semibin163_refined_aligned	675346	675976	f	0	1	prodigal	v4.6
634	semibin163_refined_aligned	676110	676986	f	0	1	prodigal	v4.6
635	semibin163_refined_aligned	677192	678680	f	0	1	prodigal	v4.6
636	semibin163_refined_aligned	678691	679546	f	0	1	prodigal	v4.6
637	semibin163_refined_aligned	679554	679731	r	0	1	prodigal	v4.6
638	semibin163_refined_aligned	680102	680936	r	0	1	prodigal	v4.6
639	semibin163_refined_aligned	680932	681715	r	0	1	prodigal	v4.6
640	semibin163_refined_aligned	681785	682292	r	0	1	prodigal	v4.6
641	semibin163_refined_aligned	682596	683250	f	0	1	prodigal	v4.6
642	semibin163_refined_aligned	683295	684156	f	0	1	prodigal	v4.6
643	semibin163_refined_aligned	684380	685697	r	0	1	prodigal	v4.6
644	semibin163_refined_aligned	685747	686017	r	0	1	prodigal	v4.6
645	semibin163_refined_aligned	686034	687510	r	0	1	prodigal	v4.6
646	semibin163_refined_aligned	687568	692173	r	0	1	prodigal	v4.6
647	semibin163_refined_aligned	692280	693024	r	0	1	prodigal	v4.6
648	semibin163_refined_aligned	693329	694589	f	0	1	prodigal	v4.6
649	semibin163_refined_aligned	694613	695615	f	0	1	prodigal	v4.6
650	semibin163_refined_aligned	695611	696070	r	0	1	prodigal	v4.6
651	semibin163_refined_aligned	696162	697335	f	0	1	prodigal	v4.6
652	semibin163_refined_aligned	697661	699605	f	0	1	prodigal	v4.6
653	semibin163_refined_aligned	699648	700800	r	0	1	prodigal	v4.6
654	semibin163_refined_aligned	700871	702299	r	0	1	prodigal	v4.6
655	semibin163_refined_aligned	702431	702956	f	0	1	prodigal	v4.6
656	semibin163_refined_aligned	702942	703437	f	0	1	prodigal	v4.6
657	semibin163_refined_aligned	703602	704889	f	0	1	prodigal	v4.6
658	semibin163_refined_aligned	704885	705068	f	0	1	prodigal	v4.6
659	semibin163_refined_aligned	705094	706288	f	0	1	prodigal	v4.6
660	semibin163_refined_aligned	706313	706502	f	0	1	prodigal	v4.6
661	semibin163_refined_aligned	706505	707309	r	0	1	prodigal	v4.6
662	semibin163_refined_aligned	707312	707864	r	0	1	prodigal	v4.6
663	semibin163_refined_aligned	707865	708399	r	0	1	prodigal	v4.6
664	semibin163_refined_aligned	708414	709164	r	0	1	prodigal	v4.6
665	semibin163_refined_aligned	709275	709383	f	0	1	prodigal	v4.6
666	semibin163_refined_aligned	709357	711256	f	0	1	prodigal	v4.6
667	semibin163_refined_aligned	711280	711757	f	0	1	prodigal	v4.6
668	semibin163_refined_aligned	711873	714549	f	0	1	prodigal	v4.6
669	semibin163_refined_aligned	714545	714923	f	0	1	prodigal	v4.6
670	semibin163_refined_aligned	714948	715821	r	0	1	prodigal	v4.6
671	semibin163_refined_aligned	715849	716647	r	0	1	prodigal	v4.6
672	semibin163_refined_aligned	716637	717702	r	0	1	prodigal	v4.6
673	semibin163_refined_aligned	717985	718240	f	0	1	prodigal	v4.6
674	semibin163_refined_aligned	718466	718931	r	0	1	prodigal	v4.6
675	semibin163_refined_aligned	719183	719576	r	0	1	prodigal	v4.6
676	semibin163_refined_aligned	719705	720371	f	0	1	prodigal	v4.6
677	semibin163_refined_aligned	720394	721108	f	0	1	prodigal	v4.6
678	semibin163_refined_aligned	721104	722844	f	0	1	prodigal	v4.6
679	semibin163_refined_aligned	722846	723746	f	0	1	prodigal	v4.6
680	semibin163_refined_aligned	723748	724393	f	0	1	prodigal	v4.6
681	semibin163_refined_aligned	724389	725421	f	0	1	prodigal	v4.6
682	semibin163_refined_aligned	727386	728001	f	0	1	prodigal	v4.6
683	semibin163_refined_aligned	728168	728420	f	0	1	prodigal	v4.6
684	semibin163_refined_aligned	728439	729420	r	0	1	prodigal	v4.6
685	semibin163_refined_aligned	729434	730412	r	0	1	prodigal	v4.6
686	semibin163_refined_aligned	730586	730781	f	0	1	prodigal	v4.6
687	semibin163_refined_aligned	731033	732212	f	0	1	prodigal	v4.6
688	semibin163_refined_aligned	732208	733828	f	0	1	prodigal	v4.6
689	semibin163_refined_aligned	733873	734566	r	0	1	prodigal	v4.6
690	semibin163_refined_aligned	734565	734850	r	0	1	prodigal	v4.6
691	semibin163_refined_aligned	735201	735510	r	0	1	prodigal	v4.6
692	semibin163_refined_aligned	735544	736819	r	0	1	prodigal	v4.6
693	semibin163_refined_aligned	736831	738202	r	0	1	prodigal	v4.6
694	semibin163_refined_aligned	738198	739560	r	0	1	prodigal	v4.6
695	semibin163_refined_aligned	739587	740970	r	0	1	prodigal	v4.6
696	semibin163_refined_aligned	740988	742671	r	0	1	prodigal	v4.6
697	semibin163_refined_aligned	742654	743032	r	0	1	prodigal	v4.6
698	semibin163_refined_aligned	743031	743388	r	0	1	prodigal	v4.6
699	semibin163_refined_aligned	743410	744235	r	0	1	prodigal	v4.6
700	semibin163_refined_aligned	744566	745376	f	0	1	prodigal	v4.6
701	semibin163_refined_aligned	745385	746432	r	0	1	prodigal	v4.6
702	semibin163_refined_aligned	746448	747552	r	0	1	prodigal	v4.6
703	semibin163_refined_aligned	747553	747781	r	0	1	prodigal	v4.6
704	semibin163_refined_aligned	747753	750105	r	0	1	prodigal	v4.6
705	semibin163_refined_aligned	750068	750920	r	0	1	prodigal	v4.6
706	semibin163_refined_aligned	750982	751324	r	0	1	prodigal	v4.6
707	semibin163_refined_aligned	751470	752397	f	0	1	prodigal	v4.6
708	semibin163_refined_aligned	752393	753299	f	0	1	prodigal	v4.6
709	semibin163_refined_aligned	753310	755239	r	0	1	prodigal	v4.6
710	semibin163_refined_aligned	755341	755842	r	0	1	prodigal	v4.6
711	semibin163_refined_aligned	756191	757253	f	0	1	prodigal	v4.6
712	semibin163_refined_aligned	757464	757722	f	0	1	prodigal	v4.6
713	semibin163_refined_aligned	757774	759541	f	0	1	prodigal	v4.6
714	semibin163_refined_aligned	759607	761440	f	0	1	prodigal	v4.6
715	semibin163_refined_aligned	761716	763120	f	0	1	prodigal	v4.6
716	semibin163_refined_aligned	763120	763993	f	0	1	prodigal	v4.6
717	semibin163_refined_aligned	764013	764496	f	0	1	prodigal	v4.6
718	semibin163_refined_aligned	764510	765299	f	0	1	prodigal	v4.6
719	semibin163_refined_aligned	765341	766037	f	0	1	prodigal	v4.6
720	semibin163_refined_aligned	766080	766575	f	0	1	prodigal	v4.6
721	semibin163_refined_aligned	766582	767275	f	0	1	prodigal	v4.6
722	semibin163_refined_aligned	767158	767398	r	0	1	prodigal	v4.6
723	semibin163_refined_aligned	767408	768623	f	0	1	prodigal	v4.6
724	semibin163_refined_aligned	768652	769474	f	0	1	prodigal	v4.6
725	semibin163_refined_aligned	769577	770036	r	0	1	prodigal	v4.6
726	semibin163_refined_aligned	770449	770965	f	0	1	prodigal	v4.6
727	semibin163_refined_aligned	770994	771816	f	0	1	prodigal	v4.6
728	semibin163_refined_aligned	772219	772693	r	0	1	prodigal	v4.6
729	semibin163_refined_aligned	772845	774174	f	0	1	prodigal	v4.6
730	semibin163_refined_aligned	774173	775196	f	0	1	prodigal	v4.6
731	semibin163_refined_aligned	775245	776979	f	0	1	prodigal	v4.6
732	semibin163_refined_aligned	776975	778706	f	0	1	prodigal	v4.6
733	semibin163_refined_aligned	778891	779452	r	0	1	prodigal	v4.6
734	semibin163_refined_aligned	779468	780332	r	0	1	prodigal	v4.6
735	semibin163_refined_aligned	780422	782117	f	0	1	prodigal	v4.6
736	semibin163_refined_aligned	782113	782731	f	0	1	prodigal	v4.6
737	semibin163_refined_aligned	782714	784259	f	0	1	prodigal	v4.6
738	semibin163_refined_aligned	784271	785204	f	0	1	prodigal	v4.6
739	semibin163_refined_aligned	785190	786078	f	0	1	prodigal	v4.6
740	semibin163_refined_aligned	786093	787803	r	0	1	prodigal	v4.6
741	semibin163_refined_aligned	787949	788951	f	0	1	prodigal	v4.6
742	semibin163_refined_aligned	788947	790867	r	0	1	prodigal	v4.6
743	semibin163_refined_aligned	790941	791880	f	0	1	prodigal	v4.6
744	semibin163_refined_aligned	791969	793547	r	0	1	prodigal	v4.6
745	semibin163_refined_aligned	793618	794221	f	0	1	prodigal	v4.6
746	semibin163_refined_aligned	794217	794892	f	0	1	prodigal	v4.6
747	semibin163_refined_aligned	794963	795932	r	0	1	prodigal	v4.6
748	semibin163_refined_aligned	796007	796859	f	0	1	prodigal	v4.6
749	semibin163_refined_aligned	797072	797558	f	0	1	prodigal	v4.6
750	semibin163_refined_aligned	797875	799123	r	0	1	prodigal	v4.6
751	semibin163_refined_aligned	799198	800050	f	0	1	prodigal	v4.6
752	semibin163_refined_aligned	800046	800919	r	0	1	prodigal	v4.6
753	semibin163_refined_aligned	801127	802012	r	0	1	prodigal	v4.6
754	semibin163_refined_aligned	802121	804869	f	0	1	prodigal	v4.6
755	semibin163_refined_aligned	804974	807818	f	0	1	prodigal	v4.6
756	semibin163_refined_aligned	807803	808454	r	0	1	prodigal	v4.6
757	semibin163_refined_aligned	808462	809239	r	0	1	prodigal	v4.6
758	semibin163_refined_aligned	809251	812365	r	0	1	prodigal	v4.6
759	semibin163_refined_aligned	812644	812872	f	0	1	prodigal	v4.6
760	semibin163_refined_aligned	812882	813089	f	0	1	prodigal	v4.6
761	semibin163_refined_aligned	813143	813380	f	0	1	prodigal	v4.6
762	semibin163_refined_aligned	813461	813716	f	0	1	prodigal	v4.6
763	semibin163_refined_aligned	813752	814661	f	0	1	prodigal	v4.6
764	semibin163_refined_aligned	814663	815710	r	0	1	prodigal	v4.6
765	semibin163_refined_aligned	815791	818548	r	0	1	prodigal	v4.6
766	semibin163_refined_aligned	818699	819950	r	0	1	prodigal	v4.6
767	semibin163_refined_aligned	819952	820891	r	0	1	prodigal	v4.6
768	semibin163_refined_aligned	820896	821595	r	0	1	prodigal	v4.6
769	semibin163_refined_aligned	821634	822825	r	0	1	prodigal	v4.6
770	semibin163_refined_aligned	823035	823236	r	0	1	prodigal	v4.6
771	semibin163_refined_aligned	823946	826409	r	0	1	prodigal	v4.6
772	semibin163_refined_aligned	826427	826679	r	0	1	prodigal	v4.6
773	semibin163_refined_aligned	826675	826972	r	0	1	prodigal	v4.6
774	semibin163_refined_aligned	827003	827963	r	0	1	prodigal	v4.6
775	semibin163_refined_aligned	828082	828595	r	0	1	prodigal	v4.6
776	semibin163_refined_aligned	828677	829250	r	0	1	prodigal	v4.6
777	semibin163_refined_aligned	829319	830207	r	0	1	prodigal	v4.6
778	semibin163_refined_aligned	830526	831393	r	0	1	prodigal	v4.6
779	semibin163_refined_aligned	831389	831959	r	0	1	prodigal	v4.6
780	semibin163_refined_aligned	831982	832873	r	0	1	prodigal	v4.6
781	semibin163_refined_aligned	832906	834328	r	0	1	prodigal	v4.6
782	semibin163_refined_aligned	834458	834944	f	0	1	prodigal	v4.6
783	semibin163_refined_aligned	835009	835810	r	0	1	prodigal	v4.6
784	semibin163_refined_aligned	836268	839556	f	0	1	prodigal	v4.6
785	semibin163_refined_aligned	839643	840888	r	0	1	prodigal	v4.6
786	semibin163_refined_aligned	840925	841471	r	0	1	prodigal	v4.6
787	semibin163_refined_aligned	841646	842774	r	0	1	prodigal	v4.6
788	semibin163_refined_aligned	843055	844573	r	0	1	prodigal	v4.6
789	semibin163_refined_aligned	844752	846720	f	0	1	prodigal	v4.6
790	semibin163_refined_aligned	846735	847101	f	0	1	prodigal	v4.6
791	semibin163_refined_aligned	847139	847448	f	0	1	prodigal	v4.6
792	semibin163_refined_aligned	847499	847886	r	0	1	prodigal	v4.6
793	semibin163_refined_aligned	847897	849418	r	0	1	prodigal	v4.6
794	semibin163_refined_aligned	849453	849987	r	0	1	prodigal	v4.6
795	semibin163_refined_aligned	850044	851385	r	0	1	prodigal	v4.6
796	semibin163_refined_aligned	851441	852029	f	0	1	prodigal	v4.6
797	semibin163_refined_aligned	852090	853314	r	0	1	prodigal	v4.6
798	semibin163_refined_aligned	853435	854353	f	0	1	prodigal	v4.6
799	semibin163_refined_aligned	854429	856178	r	0	1	prodigal	v4.6
800	semibin163_refined_aligned	856299	856998	r	0	1	prodigal	v4.6
801	semibin163_refined_aligned	857108	858200	f	0	1	prodigal	v4.6
802	semibin163_refined_aligned	858210	859017	f	0	1	prodigal	v4.6
803	semibin163_refined_aligned	859018	859549	r	0	1	prodigal	v4.6
804	semibin163_refined_aligned	859554	860379	r	0	1	prodigal	v4.6
805	semibin163_refined_aligned	860382	861669	r	0	1	prodigal	v4.6
806	semibin163_refined_aligned	861739	862621	r	0	1	prodigal	v4.6
807	semibin163_refined_aligned	862680	864798	r	0	1	prodigal	v4.6
808	semibin163_refined_aligned	864815	865049	r	0	1	prodigal	v4.6
809	semibin163_refined_aligned	865090	865564	r	0	1	prodigal	v4.6
810	semibin163_refined_aligned	865817	867224	f	0	1	prodigal	v4.6
811	semibin163_refined_aligned	867227	867707	f	0	1	prodigal	v4.6
812	semibin163_refined_aligned	867691	868408	r	0	1	prodigal	v4.6
813	semibin163_refined_aligned	868470	869325	r	0	1	prodigal	v4.6
814	semibin163_refined_aligned	869372	870149	r	0	1	prodigal	v4.6
815	semibin163_refined_aligned	870286	870676	r	0	1	prodigal	v4.6
816	semibin163_refined_aligned	870696	871143	r	0	1	prodigal	v4.6
817	semibin163_refined_aligned	871287	872598	f	0	1	prodigal	v4.6
818	semibin163_refined_aligned	872641	873727	f	0	1	prodigal	v4.6
819	semibin163_refined_aligned	873830	874091	f	0	1	prodigal	v4.6
820	semibin163_refined_aligned	874087	876439	r	0	1	prodigal	v4.6
821	semibin163_refined_aligned	876454	877546	r	0	1	prodigal	v4.6
822	semibin163_refined_aligned	877651	878158	r	0	1	prodigal	v4.6
823	semibin163_refined_aligned	878159	878696	r	0	1	prodigal	v4.6
824	semibin163_refined_aligned	878894	879719	f	0	1	prodigal	v4.6
825	semibin163_refined_aligned	879726	881928	r	0	1	prodigal	v4.6
826	semibin163_refined_aligned	881969	884072	r	0	1	prodigal	v4.6
827	semibin163_refined_aligned	884218	887173	f	0	1	prodigal	v4.6
828	semibin163_refined_aligned	887217	888129	f	0	1	prodigal	v4.6
829	semibin163_refined_aligned	888136	889219	f	0	1	prodigal	v4.6
830	semibin163_refined_aligned	889223	890033	f	0	1	prodigal	v4.6
831	semibin163_refined_aligned	890010	890751	r	0	1	prodigal	v4.6
832	semibin163_refined_aligned	890780	892655	r	0	1	prodigal	v4.6
833	semibin163_refined_aligned	892676	893576	r	0	1	prodigal	v4.6
834	semibin163_refined_aligned	893711	896417	r	0	1	prodigal	v4.6
835	semibin163_refined_aligned	896472	897150	r	0	1	prodigal	v4.6
836	semibin163_refined_aligned	897329	897977	f	0	1	prodigal	v4.6
837	semibin163_refined_aligned	897983	898823	r	0	1	prodigal	v4.6
838	semibin163_refined_aligned	898950	901659	f	0	1	prodigal	v4.6
839	semibin163_refined_aligned	901695	902472	f	0	1	prodigal	v4.6
840	semibin163_refined_aligned	902475	904161	f	0	1	prodigal	v4.6
841	semibin163_refined_aligned	904137	906243	r	0	1	prodigal	v4.6
842	semibin163_refined_aligned	906270	907068	r	0	1	prodigal	v4.6
843	semibin163_refined_aligned	907064	908306	r	0	1	prodigal	v4.6
844	semibin163_refined_aligned	908324	908696	r	0	1	prodigal	v4.6
845	semibin163_refined_aligned	908719	909454	r	0	1	prodigal	v4.6
846	semibin163_refined_aligned	909472	910204	r	0	1	prodigal	v4.6
847	semibin163_refined_aligned	910196	910796	r	0	1	prodigal	v4.6
848	semibin163_refined_aligned	910837	912082	r	0	1	prodigal	v4.6
849	semibin163_refined_aligned	912347	913574	f	0	1	prodigal	v4.6
850	semibin163_refined_aligned	913616	914825	f	0	1	prodigal	v4.6
851	semibin163_refined_aligned	914984	916208	f	0	1	prodigal	v4.6
852	semibin163_refined_aligned	916226	917465	f	0	1	prodigal	v4.6
853	semibin163_refined_aligned	917466	918840	r	0	1	prodigal	v4.6
854	semibin163_refined_aligned	918901	919849	r	0	1	prodigal	v4.6
855	semibin163_refined_aligned	919879	921970	r	0	1	prodigal	v4.6
856	semibin163_refined_aligned	922072	922288	f	0	1	prodigal	v4.6
857	semibin163_refined_aligned	922333	922894	f	0	1	prodigal	v4.6
858	semibin163_refined_aligned	922880	924128	r	0	1	prodigal	v4.6
859	semibin163_refined_aligned	924159	924645	r	0	1	prodigal	v4.6
860	semibin163_refined_aligned	925789	926530	r	0	1	prodigal	v4.6
861	semibin163_refined_aligned	926554	926869	r	0	1	prodigal	v4.6
862	semibin163_refined_aligned	926881	927169	r	0	1	prodigal	v4.6
863	semibin163_refined_aligned	927276	928623	r	0	1	prodigal	v4.6
864	semibin163_refined_aligned	928710	930207	r	0	1	prodigal	v4.6
865	semibin163_refined_aligned	930448	931264	r	0	1	prodigal	v4.6
866	semibin163_refined_aligned	931380	932133	r	0	1	prodigal	v4.6
867	semibin163_refined_aligned	932261	933149	r	0	1	prodigal	v4.6
868	semibin163_refined_aligned	933186	933783	f	0	1	prodigal	v4.6
869	semibin163_refined_aligned	933856	935311	f	0	1	prodigal	v4.6
870	semibin163_refined_aligned	935307	937071	f	0	1	prodigal	v4.6
871	semibin163_refined_aligned	937064	937883	f	0	1	prodigal	v4.6
872	semibin163_refined_aligned	937879	938701	f	0	1	prodigal	v4.6
873	semibin163_refined_aligned	938697	939786	f	0	1	prodigal	v4.6
874	semibin163_refined_aligned	939773	941195	f	0	1	prodigal	v4.6
875	semibin163_refined_aligned	941171	941693	r	0	1	prodigal	v4.6
876	semibin163_refined_aligned	941701	942448	r	0	1	prodigal	v4.6
877	semibin163_refined_aligned	942475	943378	r	0	1	prodigal	v4.6
878	semibin163_refined_aligned	943413	944211	r	0	1	prodigal	v4.6
879	semibin163_refined_aligned	944326	944962	f	0	1	prodigal	v4.6
880	semibin163_refined_aligned	945032	946415	f	0	1	prodigal	v4.6
881	semibin163_refined_aligned	946447	948079	f	0	1	prodigal	v4.6
882	semibin163_refined_aligned	948084	949140	f	0	1	prodigal	v4.6
883	semibin163_refined_aligned	949165	949825	f	0	1	prodigal	v4.6
884	semibin163_refined_aligned	949918	953596	f	0	1	prodigal	v4.6
885	semibin163_refined_aligned	953637	955230	r	0	1	prodigal	v4.6
886	semibin163_refined_aligned	955244	955952	r	0	1	prodigal	v4.6
887	semibin163_refined_aligned	955963	956557	r	0	1	prodigal	v4.6
888	semibin163_refined_aligned	956728	957379	r	0	1	prodigal	v4.6
889	semibin163_refined_aligned	957431	959441	f	0	1	prodigal	v4.6
890	semibin163_refined_aligned	959441	960182	f	0	1	prodigal	v4.6
891	semibin163_refined_aligned	960178	961609	r	0	1	prodigal	v4.6
892	semibin163_refined_aligned	961605	962508	r	0	1	prodigal	v4.6
893	semibin163_refined_aligned	962545	965257	r	0	1	prodigal	v4.6
894	semibin163_refined_aligned	965289	966411	r	0	1	prodigal	v4.6
895	semibin163_refined_aligned	966584	967055	r	0	1	prodigal	v4.6
896	semibin163_refined_aligned	967105	967705	r	0	1	prodigal	v4.6
897	semibin163_refined_aligned	967826	969227	r	0	1	prodigal	v4.6
898	semibin163_refined_aligned	969240	969978	f	0	1	prodigal	v4.6
899	semibin163_refined_aligned	969953	970778	r	0	1	prodigal	v4.6
900	semibin163_refined_aligned	970774	971575	r	0	1	prodigal	v4.6
901	semibin163_refined_aligned	971686	972931	f	0	1	prodigal	v4.6
902	semibin163_refined_aligned	973232	974624	f	0	1	prodigal	v4.6
903	semibin163_refined_aligned	974685	977142	f	0	1	prodigal	v4.6
904	semibin163_refined_aligned	977147	978110	f	0	1	prodigal	v4.6
905	semibin163_refined_aligned	978136	979087	r	0	1	prodigal	v4.6
906	semibin163_refined_aligned	979111	980800	r	0	1	prodigal	v4.6
907	semibin163_refined_aligned	980874	983571	r	0	1	prodigal	v4.6
908	semibin163_refined_aligned	983660	983939	r	0	1	prodigal	v4.6
909	semibin163_refined_aligned	984015	985230	f	0	1	prodigal	v4.6
910	semibin163_refined_aligned	985190	986108	f	0	1	prodigal	v4.6
911	semibin163_refined_aligned	986117	986885	f	0	1	prodigal	v4.6
912	semibin163_refined_aligned	986868	988149	f	0	1	prodigal	v4.6
913	semibin163_refined_aligned	988368	988794	r	0	1	prodigal	v4.6
914	semibin163_refined_aligned	988918	989950	r	0	1	prodigal	v4.6
915	semibin163_refined_aligned	989952	991140	r	0	1	prodigal	v4.6
916	semibin163_refined_aligned	991231	991768	r	0	1	prodigal	v4.6
917	semibin163_refined_aligned	991818	992553	f	0	1	prodigal	v4.6
918	semibin163_refined_aligned	992574	993990	f	0	1	prodigal	v4.6
919	semibin163_refined_aligned	994067	994415	f	0	1	prodigal	v4.6
920	semibin163_refined_aligned	994423	995224	f	0	1	prodigal	v4.6
921	semibin163_refined_aligned	995201	996506	r	0	1	prodigal	v4.6
922	semibin163_refined_aligned	996820	997456	r	0	1	prodigal	v4.6
923	semibin163_refined_aligned	997534	998908	r	0	1	prodigal	v4.6
924	semibin163_refined_aligned	999200	1000220	f	0	1	prodigal	v4.6
925	semibin163_refined_aligned	1000216	1000669	f	0	1	prodigal	v4.6
926	semibin163_refined_aligned	1000668	1001544	f	0	1	prodigal	v4.6
927	semibin163_refined_aligned	1001540	1002557	r	0	1	prodigal	v4.6
928	semibin163_refined_aligned	1002597	1003638	r	0	1	prodigal	v4.6
929	semibin163_refined_aligned	1003640	1004693	r	0	1	prodigal	v4.6
930	semibin163_refined_aligned	1004706	1005729	r	0	1	prodigal	v4.6
931	semibin163_refined_aligned	1005846	1007124	f	0	1	prodigal	v4.6
932	semibin163_refined_aligned	1007203	1008493	f	0	1	prodigal	v4.6
933	semibin163_refined_aligned	1008575	1009040	f	0	1	prodigal	v4.6
934	semibin163_refined_aligned	1009068	1009950	r	0	1	prodigal	v4.6
935	semibin163_refined_aligned	1010062	1010488	f	0	1	prodigal	v4.6
936	semibin163_refined_aligned	1010493	1011006	f	0	1	prodigal	v4.6
937	semibin163_refined_aligned	1011022	1012177	r	0	1	prodigal	v4.6
938	semibin163_refined_aligned	1012204	1013794	r	0	1	prodigal	v4.6
939	semibin163_refined_aligned	1014011	1014251	r	0	1	prodigal	v4.6
940	semibin163_refined_aligned	1014400	1014820	r	0	1	prodigal	v4.6
941	semibin163_refined_aligned	1014934	1016152	r	0	1	prodigal	v4.6
942	semibin163_refined_aligned	1016348	1017152	f	0	1	prodigal	v4.6
943	semibin163_refined_aligned	1017188	1017710	f	0	1	prodigal	v4.6
944	semibin163_refined_aligned	1017709	1018753	f	0	1	prodigal	v4.6
945	semibin163_refined_aligned	1018742	1019744	r	0	1	prodigal	v4.6
946	semibin163_refined_aligned	1019902	1021105	f	0	1	prodigal	v4.6
947	semibin163_refined_aligned	1021292	1023845	f	0	1	prodigal	v4.6
948	semibin163_refined_aligned	1024228	1026934	f	0	1	prodigal	v4.6
949	semibin163_refined_aligned	1027092	1027458	f	0	1	prodigal	v4.6
950	semibin163_refined_aligned	1027342	1028074	r	0	1	prodigal	v4.6
951	semibin163_refined_aligned	1028105	1031522	f	0	1	prodigal	v4.6
952	semibin163_refined_aligned	1031564	1032266	f	0	1	prodigal	v4.6
953	semibin163_refined_aligned	1032393	1033461	r	0	1	prodigal	v4.6
954	semibin163_refined_aligned	1033608	1037025	f	0	1	prodigal	v4.6
955	semibin163_refined_aligned	1037067	1037769	f	0	1	prodigal	v4.6
956	semibin163_refined_aligned	1037896	1038964	r	0	1	prodigal	v4.6
957	semibin163_refined_aligned	1039543	1040899	f	0	1	prodigal	v4.6
958	semibin163_refined_aligned	1040975	1041938	r	0	1	prodigal	v4.6
959	semibin163_refined_aligned	1042045	1043215	r	0	1	prodigal	v4.6
960	semibin163_refined_aligned	1043237	1044122	r	0	1	prodigal	v4.6
961	semibin163_refined_aligned	1044145	1044874	r	0	1	prodigal	v4.6
962	semibin163_refined_aligned	1044873	1045584	r	0	1	prodigal	v4.6
963	semibin163_refined_aligned	1045637	1046639	r	0	1	prodigal	v4.6
964	semibin163_refined_aligned	1046735	1048061	r	0	1	prodigal	v4.6
965	semibin163_refined_aligned	1048487	1049657	r	0	1	prodigal	v4.6
966	semibin163_refined_aligned	1049679	1050564	r	0	1	prodigal	v4.6
967	semibin163_refined_aligned	1050668	1051316	r	0	1	prodigal	v4.6
968	semibin163_refined_aligned	1051315	1052026	r	0	1	prodigal	v4.6
969	semibin163_refined_aligned	1052079	1053081	r	0	1	prodigal	v4.6
970	semibin163_refined_aligned	1053177	1054503	r	0	1	prodigal	v4.6
971	semibin163_refined_aligned	1055062	1059220	f	0	1	prodigal	v4.6
972	semibin163_refined_aligned	1059258	1059870	r	0	1	prodigal	v4.6
973	semibin163_refined_aligned	1059853	1061059	r	0	1	prodigal	v4.6
974	semibin163_refined_aligned	1061093	1062020	r	0	1	prodigal	v4.6
975	semibin163_refined_aligned	1062189	1062639	r	0	1	prodigal	v4.6
976	semibin163_refined_aligned	1062758	1064807	r	0	1	prodigal	v4.6
977	semibin163_refined_aligned	1065019	1066360	f	0	1	prodigal	v4.6
978	semibin163_refined_aligned	1066466	1066889	f	0	1	prodigal	v4.6
979	semibin163_refined_aligned	1066915	1067482	r	0	1	prodigal	v4.6
980	semibin163_refined_aligned	1067554	1068616	r	0	1	prodigal	v4.6
981	semibin163_refined_aligned	1068612	1069389	r	0	1	prodigal	v4.6
982	semibin163_refined_aligned	1069396	1070086	r	0	1	prodigal	v4.6
983	semibin163_refined_aligned	1070082	1071072	r	0	1	prodigal	v4.6
984	semibin163_refined_aligned	1071087	1071888	r	0	1	prodigal	v4.6
985	semibin163_refined_aligned	1071901	1074505	r	0	1	prodigal	v4.6
986	semibin163_refined_aligned	1074528	1075656	r	0	1	prodigal	v4.6
987	semibin163_refined_aligned	1075665	1076253	r	0	1	prodigal	v4.6
988	semibin163_refined_aligned	1076257	1077736	r	0	1	prodigal	v4.6
989	semibin163_refined_aligned	1077865	1078924	f	0	1	prodigal	v4.6
990	semibin163_refined_aligned	1078944	1079517	f	0	1	prodigal	v4.6
991	semibin163_refined_aligned	1079609	1080494	f	0	1	prodigal	v4.6
992	semibin163_refined_aligned	1080536	1081364	r	0	1	prodigal	v4.6
993	semibin163_refined_aligned	1081411	1082992	r	0	1	prodigal	v4.6
994	semibin163_refined_aligned	1083031	1084297	r	0	1	prodigal	v4.6
995	semibin163_refined_aligned	1084423	1084729	r	0	1	prodigal	v4.6
996	semibin163_refined_aligned	1084753	1086061	r	0	1	prodigal	v4.6
997	semibin163_refined_aligned	1086073	1086673	r	0	1	prodigal	v4.6
998	semibin163_refined_aligned	1086714	1088199	f	0	1	prodigal	v4.6
999	semibin163_refined_aligned	1088208	1089321	r	0	1	prodigal	v4.6
1000	semibin163_refined_aligned	1089419	1090091	f	0	1	prodigal	v4.6
1001	semibin163_refined_aligned	1090173	1090623	r	0	1	prodigal	v4.6
1002	semibin163_refined_aligned	1090670	1091657	r	0	1	prodigal	v4.6
1003	semibin163_refined_aligned	1091686	1092298	r	0	1	prodigal	v4.6
1004	semibin163_refined_aligned	1092338	1092722	r	0	1	prodigal	v4.6
1005	semibin163_refined_aligned	1092769	1093147	r	0	1	prodigal	v4.6
1006	semibin163_refined_aligned	1093400	1093619	r	0	1	prodigal	v4.6
1007	semibin163_refined_aligned	1093667	1094456	r	0	1	prodigal	v4.6
1008	semibin163_refined_aligned	1094456	1095782	r	0	1	prodigal	v4.6
1009	semibin163_refined_aligned	1095808	1096354	r	0	1	prodigal	v4.6
1010	semibin163_refined_aligned	1096383	1096572	r	0	1	prodigal	v4.6
1011	semibin163_refined_aligned	1096590	1097109	r	0	1	prodigal	v4.6
1012	semibin163_refined_aligned	1097132	1097492	r	0	1	prodigal	v4.6
1013	semibin163_refined_aligned	1097541	1098084	r	0	1	prodigal	v4.6
1014	semibin163_refined_aligned	1098113	1098509	r	0	1	prodigal	v4.6
1015	semibin163_refined_aligned	1098567	1098837	r	0	1	prodigal	v4.6
1016	semibin163_refined_aligned	1098856	1099474	r	0	1	prodigal	v4.6
1017	semibin163_refined_aligned	1099498	1099741	r	0	1	prodigal	v4.6
1018	semibin163_refined_aligned	1099866	1100235	r	0	1	prodigal	v4.6
1019	semibin163_refined_aligned	1100272	1100542	r	0	1	prodigal	v4.6
1020	semibin163_refined_aligned	1100602	1100806	r	0	1	prodigal	v4.6
1021	semibin163_refined_aligned	1100833	1101205	r	0	1	prodigal	v4.6
1022	semibin163_refined_aligned	1101308	1102067	r	0	1	prodigal	v4.6
1023	semibin163_refined_aligned	1102085	1102394	r	0	1	prodigal	v4.6
1024	semibin163_refined_aligned	1102472	1102769	r	0	1	prodigal	v4.6
1025	semibin163_refined_aligned	1102805	1103645	r	0	1	prodigal	v4.6
1026	semibin163_refined_aligned	1103673	1103988	r	0	1	prodigal	v4.6
1027	semibin163_refined_aligned	1104022	1104649	r	0	1	prodigal	v4.6
1028	semibin163_refined_aligned	1104667	1105297	r	0	1	prodigal	v4.6
1029	semibin163_refined_aligned	1105323	1105635	r	0	1	prodigal	v4.6
1030	semibin163_refined_aligned	1105713	1106895	r	0	1	prodigal	v4.6
1031	semibin163_refined_aligned	1106963	1109081	r	0	1	prodigal	v4.6
1032	semibin163_refined_aligned	1109112	1109580	r	0	1	prodigal	v4.6
1033	semibin163_refined_aligned	1109605	1109992	r	0	1	prodigal	v4.6
1034	semibin163_refined_aligned	1110220	1111435	r	0	1	prodigal	v4.6
1035	semibin163_refined_aligned	1111431	1113786	r	0	1	prodigal	v4.6
1036	semibin163_refined_aligned	1113802	1115278	r	0	1	prodigal	v4.6
1037	semibin163_refined_aligned	1115274	1116144	r	0	1	prodigal	v4.6
1038	semibin163_refined_aligned	1116140	1117289	r	0	1	prodigal	v4.6
1039	semibin163_refined_aligned	1117310	1117577	r	0	1	prodigal	v4.6
1040	semibin163_refined_aligned	1117616	1118087	r	0	1	prodigal	v4.6
1041	semibin163_refined_aligned	1118100	1119084	r	0	1	prodigal	v4.6
1042	semibin163_refined_aligned	1119149	1119407	f	0	1	prodigal	v4.6
1043	semibin163_refined_aligned	1119426	1120854	r	0	1	prodigal	v4.6
1044	semibin163_refined_aligned	1120894	1121428	r	0	1	prodigal	v4.6
1045	semibin163_refined_aligned	1121504	1122824	r	0	1	prodigal	v4.6
1046	semibin163_refined_aligned	1122950	1123310	r	0	1	prodigal	v4.6
1047	semibin163_refined_aligned	1123266	1124268	r	0	1	prodigal	v4.6
1048	semibin163_refined_aligned	1124269	1125217	r	0	1	prodigal	v4.6
1049	semibin163_refined_aligned	1125275	1126802	r	0	1	prodigal	v4.6
1050	semibin163_refined_aligned	1126829	1127702	r	0	1	prodigal	v4.6
1051	semibin163_refined_aligned	1127718	1128618	r	0	1	prodigal	v4.6
1052	semibin163_refined_aligned	1128607	1129615	r	0	1	prodigal	v4.6
1053	semibin163_refined_aligned	1129622	1129847	r	0	1	prodigal	v4.6
1054	semibin163_refined_aligned	1129881	1130919	f	0	1	prodigal	v4.6
1055	semibin163_refined_aligned	1131002	1131359	f	0	1	prodigal	v4.6
1056	semibin163_refined_aligned	1131368	1132487	f	0	1	prodigal	v4.6
1057	semibin163_refined_aligned	1132483	1133647	f	0	1	prodigal	v4.6
1058	semibin163_refined_aligned	1133656	1134298	f	0	1	prodigal	v4.6
1059	semibin163_refined_aligned	1134374	1134752	f	0	1	prodigal	v4.6
1060	semibin163_refined_aligned	1134836	1135208	f	0	1	prodigal	v4.6
1061	semibin163_refined_aligned	1135239	1136178	r	0	1	prodigal	v4.6
1062	semibin163_refined_aligned	1136303	1136555	f	0	1	prodigal	v4.6
1063	semibin163_refined_aligned	1136585	1137389	f	0	1	prodigal	v4.6
1064	semibin163_refined_aligned	1137403	1138231	f	0	1	prodigal	v4.6
1065	semibin163_refined_aligned	1138266	1138653	r	0	1	prodigal	v4.6
1066	semibin163_refined_aligned	1138654	1138894	r	0	1	prodigal	v4.6
1067	semibin163_refined_aligned	1138906	1140133	r	0	1	prodigal	v4.6
1068	semibin163_refined_aligned	1140129	1141080	r	0	1	prodigal	v4.6
1069	semibin163_refined_aligned	1141092	1142106	r	0	1	prodigal	v4.6
1070	semibin163_refined_aligned	1142299	1142815	r	0	1	prodigal	v4.6
1071	semibin163_refined_aligned	1142924	1143248	r	0	1	prodigal	v4.6
1072	semibin163_refined_aligned	1143495	1143678	f	0	1	prodigal	v4.6
1073	semibin163_refined_aligned	1143643	1144801	f	0	1	prodigal	v4.6
1074	semibin163_refined_aligned	1144797	1145310	f	0	1	prodigal	v4.6
1075	semibin163_refined_aligned	1145297	1146527	r	0	1	prodigal	v4.6
1076	semibin163_refined_aligned	1146541	1147168	r	0	1	prodigal	v4.6
1077	semibin163_refined_aligned	1147170	1147794	r	0	1	prodigal	v4.6
1078	semibin163_refined_aligned	1147790	1148420	r	0	1	prodigal	v4.6
1079	semibin163_refined_aligned	1148433	1149588	r	0	1	prodigal	v4.6
1080	semibin163_refined_aligned	1149591	1150947	r	0	1	prodigal	v4.6
1081	semibin163_refined_aligned	1151503	1153720	f	0	1	prodigal	v4.6
1082	semibin163_refined_aligned	1153723	1154290	f	0	1	prodigal	v4.6
1083	semibin163_refined_aligned	1154292	1155285	f	0	1	prodigal	v4.6
1084	semibin163_refined_aligned	1155381	1156410	r	0	1	prodigal	v4.6
1085	semibin163_refined_aligned	1156502	1157108	r	0	1	prodigal	v4.6
1086	semibin163_refined_aligned	1157107	1158712	r	0	1	prodigal	v4.6
1087	semibin163_refined_aligned	1159114	1160548	r	0	1	prodigal	v4.6
1088	semibin163_refined_aligned	1160711	1161143	f	0	1	prodigal	v4.6
1089	semibin163_refined_aligned	1161216	1161801	f	0	1	prodigal	v4.6
1090	semibin163_refined_aligned	1161819	1162677	f	0	1	prodigal	v4.6
1091	semibin163_refined_aligned	1162673	1163531	f	0	1	prodigal	v4.6
1092	semibin163_refined_aligned	1163542	1164112	r	0	1	prodigal	v4.6
1093	semibin163_refined_aligned	1164142	1164961	r	0	1	prodigal	v4.6
1094	semibin163_refined_aligned	1165086	1166406	f	0	1	prodigal	v4.6
1095	semibin163_refined_aligned	1166402	1166672	f	0	1	prodigal	v4.6
1096	semibin163_refined_aligned	1166688	1167798	f	0	1	prodigal	v4.6
1097	semibin163_refined_aligned	1167794	1168289	f	0	1	prodigal	v4.6
1098	semibin163_refined_aligned	1168299	1169325	r	0	1	prodigal	v4.6
1099	semibin163_refined_aligned	1169321	1170029	r	0	1	prodigal	v4.6
1100	semibin163_refined_aligned	1170061	1171051	r	0	1	prodigal	v4.6
1101	semibin163_refined_aligned	1171083	1172598	r	0	1	prodigal	v4.6
1102	semibin163_refined_aligned	1172676	1173540	f	0	1	prodigal	v4.6
1103	semibin163_refined_aligned	1173558	1174518	f	0	1	prodigal	v4.6
1104	semibin163_refined_aligned	1174507	1175185	r	0	1	prodigal	v4.6
1105	semibin163_refined_aligned	1175304	1176510	r	0	1	prodigal	v4.6
1106	semibin163_refined_aligned	1176540	1177224	r	0	1	prodigal	v4.6
1107	semibin163_refined_aligned	1177352	1178645	r	0	1	prodigal	v4.6
1108	semibin163_refined_aligned	1178658	1179366	r	0	1	prodigal	v4.6
1109	semibin163_refined_aligned	1179362	1180160	r	0	1	prodigal	v4.6
1110	semibin163_refined_aligned	1180132	1180819	r	0	1	prodigal	v4.6
1111	semibin163_refined_aligned	1180815	1181994	r	0	1	prodigal	v4.6
1112	semibin163_refined_aligned	1181990	1183025	r	0	1	prodigal	v4.6
1113	semibin163_refined_aligned	1183011	1184004	r	0	1	prodigal	v4.6
1114	semibin163_refined_aligned	1184132	1185845	r	0	1	prodigal	v4.6
1115	semibin163_refined_aligned	1186069	1188463	f	0	1	prodigal	v4.6
1116	semibin163_refined_aligned	1188452	1190591	r	0	1	prodigal	v4.6
1117	semibin163_refined_aligned	1190587	1190881	r	0	1	prodigal	v4.6
1118	semibin163_refined_aligned	1191002	1191383	r	0	1	prodigal	v4.6
1119	semibin163_refined_aligned	1191435	1192422	r	0	1	prodigal	v4.6
1120	semibin163_refined_aligned	1192519	1193077	r	0	1	prodigal	v4.6
1121	semibin163_refined_aligned	1193073	1193823	r	0	1	prodigal	v4.6
1122	semibin163_refined_aligned	1193981	1194584	f	0	1	prodigal	v4.6
1123	semibin163_refined_aligned	1194570	1194897	f	0	1	prodigal	v4.6
1124	semibin163_refined_aligned	1194893	1195943	r	0	1	prodigal	v4.6
1125	semibin163_refined_aligned	1196252	1197275	f	0	1	prodigal	v4.6
1126	semibin163_refined_aligned	1197352	1198015	f	0	1	prodigal	v4.6
1127	semibin163_refined_aligned	1198035	1199691	f	0	1	prodigal	v4.6
1128	semibin163_refined_aligned	1199668	1200286	r	0	1	prodigal	v4.6
1129	semibin163_refined_aligned	1200296	1201199	r	0	1	prodigal	v4.6
1130	semibin163_refined_aligned	1201235	1201487	r	0	1	prodigal	v4.6
1131	semibin163_refined_aligned	1201647	1202091	r	0	1	prodigal	v4.6
1132	semibin163_refined_aligned	1202453	1202996	r	0	1	prodigal	v4.6
1133	semibin163_refined_aligned	1203009	1203537	r	0	1	prodigal	v4.6
1134	semibin163_refined_aligned	1203627	1203864	r	0	1	prodigal	v4.6
1135	semibin163_refined_aligned	1203969	1204944	r	0	1	prodigal	v4.6
1136	semibin163_refined_aligned	1205134	1205281	f	0	1	prodigal	v4.6
1137	semibin163_refined_aligned	1205301	1206957	f	0	1	prodigal	v4.6
1138	semibin163_refined_aligned	1206934	1207552	r	0	1	prodigal	v4.6
1139	semibin163_refined_aligned	1207562	1208465	r	0	1	prodigal	v4.6
1140	semibin163_refined_aligned	1208501	1208753	r	0	1	prodigal	v4.6
1141	semibin163_refined_aligned	1208912	1209356	r	0	1	prodigal	v4.6
1142	semibin163_refined_aligned	1209661	1210198	r	0	1	prodigal	v4.6
1143	semibin163_refined_aligned	1210211	1210739	r	0	1	prodigal	v4.6
1144	semibin163_refined_aligned	1210835	1211072	r	0	1	prodigal	v4.6
1145	semibin163_refined_aligned	1211179	1212226	r	0	1	prodigal	v4.6
1146	semibin163_refined_aligned	1212222	1212609	r	0	1	prodigal	v4.6
1147	semibin163_refined_aligned	1212648	1212903	r	0	1	prodigal	v4.6
1148	semibin163_refined_aligned	1212899	1213874	r	0	1	prodigal	v4.6
1149	semibin163_refined_aligned	1213986	1214736	f	0	1	prodigal	v4.6
1150	semibin163_refined_aligned	1214722	1214920	r	0	1	prodigal	v4.6
1151	semibin163_refined_aligned	1215105	1216125	f	0	1	prodigal	v4.6
1152	semibin163_refined_aligned	1216193	1217483	r	0	1	prodigal	v4.6
1153	semibin163_refined_aligned	1217503	1219261	r	0	1	prodigal	v4.6
1154	semibin163_refined_aligned	1219285	1219765	r	0	1	prodigal	v4.6
1155	semibin163_refined_aligned	1219823	1220243	r	0	1	prodigal	v4.6
1156	semibin163_refined_aligned	1220389	1221676	r	0	1	prodigal	v4.6
1157	semibin163_refined_aligned	1221719	1223018	r	0	1	prodigal	v4.6
1158	semibin163_refined_aligned	1223037	1223799	r	0	1	prodigal	v4.6
1159	semibin163_refined_aligned	1223795	1224731	r	0	1	prodigal	v4.6
1160	semibin163_refined_aligned	1224724	1226146	r	0	1	prodigal	v4.6
1161	semibin163_refined_aligned	1226142	1227240	r	0	1	prodigal	v4.6
1162	semibin163_refined_aligned	1227236	1228418	r	0	1	prodigal	v4.6
1163	semibin163_refined_aligned	1228414	1229833	r	0	1	prodigal	v4.6
1164	semibin163_refined_aligned	1229832	1230939	r	0	1	prodigal	v4.6
1165	semibin163_refined_aligned	1230945	1232370	r	0	1	prodigal	v4.6
1166	semibin163_refined_aligned	1232366	1233899	r	0	1	prodigal	v4.6
1167	semibin163_refined_aligned	1233888	1235901	r	0	1	prodigal	v4.6
1168	semibin163_refined_aligned	1235913	1236210	r	0	1	prodigal	v4.6
1169	semibin163_refined_aligned	1236202	1237189	r	0	1	prodigal	v4.6
1170	semibin163_refined_aligned	1237195	1237651	r	0	1	prodigal	v4.6
1171	semibin163_refined_aligned	1237782	1238286	f	0	1	prodigal	v4.6
1172	semibin163_refined_aligned	1238375	1238696	f	0	1	prodigal	v4.6
1173	semibin163_refined_aligned	1238717	1239734	f	0	1	prodigal	v4.6
1174	semibin163_refined_aligned	1239806	1241000	f	0	1	prodigal	v4.6
1175	semibin163_refined_aligned	1241014	1241842	f	0	1	prodigal	v4.6
1176	semibin163_refined_aligned	1241844	1242288	f	0	1	prodigal	v4.6
1177	semibin163_refined_aligned	1242294	1243788	r	0	1	prodigal	v4.6
1178	semibin163_refined_aligned	1243800	1244391	r	0	1	prodigal	v4.6
1179	semibin163_refined_aligned	1244400	1246155	r	0	1	prodigal	v4.6
1180	semibin163_refined_aligned	1246147	1246429	r	0	1	prodigal	v4.6
1181	semibin163_refined_aligned	1246492	1246915	r	0	1	prodigal	v4.6
1182	semibin163_refined_aligned	1246956	1247118	r	0	1	prodigal	v4.6
1183	semibin163_refined_aligned	1247571	1249053	f	0	1	prodigal	v4.6
1184	semibin163_refined_aligned	1249340	1250465	f	0	1	prodigal	v4.6
1185	semibin163_refined_aligned	1250530	1251574	f	0	1	prodigal	v4.6
1186	semibin163_refined_aligned	1251542	1251833	f	0	1	prodigal	v4.6
1187	semibin163_refined_aligned	1251885	1253109	r	0	1	prodigal	v4.6
1188	semibin163_refined_aligned	1253171	1255553	r	0	1	prodigal	v4.6
1189	semibin163_refined_aligned	1255675	1257547	r	0	1	prodigal	v4.6
1190	semibin163_refined_aligned	1257856	1258294	f	0	1	prodigal	v4.6
1191	semibin163_refined_aligned	1258326	1258632	f	0	1	prodigal	v4.6
1192	semibin163_refined_aligned	1258681	1259047	f	0	1	prodigal	v4.6
1193	semibin163_refined_aligned	1259062	1260355	f	0	1	prodigal	v4.6
1194	semibin163_refined_aligned	1260506	1262282	f	0	1	prodigal	v4.6
1195	semibin163_refined_aligned	1262305	1263232	f	0	1	prodigal	v4.6
1196	semibin163_refined_aligned	1263260	1264583	f	0	1	prodigal	v4.6
1197	semibin163_refined_aligned	1264571	1266506	r	0	1	prodigal	v4.6
1198	semibin163_refined_aligned	1266608	1266977	r	0	1	prodigal	v4.6
1199	semibin163_refined_aligned	1266989	1267610	r	0	1	prodigal	v4.6
1200	semibin163_refined_aligned	1267746	1269432	f	0	1	prodigal	v4.6
1201	semibin163_refined_aligned	1269445	1270312	f	0	1	prodigal	v4.6
1202	semibin163_refined_aligned	1270330	1271974	f	0	1	prodigal	v4.6
1203	semibin163_refined_aligned	1271994	1272726	r	0	1	prodigal	v4.6
1204	semibin163_refined_aligned	1272665	1273805	r	0	1	prodigal	v4.6
1205	semibin163_refined_aligned	1273821	1275291	r	0	1	prodigal	v4.6
1206	semibin163_refined_aligned	1275440	1275908	f	0	1	prodigal	v4.6
1207	semibin163_refined_aligned	1275953	1276190	f	0	1	prodigal	v4.6
1208	semibin163_refined_aligned	1276198	1277632	f	0	1	prodigal	v4.6
1209	semibin163_refined_aligned	1277910	1278246	f	0	1	prodigal	v4.6
1210	semibin163_refined_aligned	1278270	1279560	f	0	1	prodigal	v4.6
1211	semibin163_refined_aligned	1279646	1280726	f	0	1	prodigal	v4.6
1212	semibin163_refined_aligned	1280749	1282486	f	0	1	prodigal	v4.6
1213	semibin163_refined_aligned	1282526	1282898	f	0	1	prodigal	v4.6
1214	semibin163_refined_aligned	1282905	1283271	f	0	1	prodigal	v4.6
1215	semibin163_refined_aligned	1283275	1283653	f	0	1	prodigal	v4.6
1216	semibin163_refined_aligned	1283686	1283980	f	0	1	prodigal	v4.6
1217	semibin163_refined_aligned	1283985	1284441	f	0	1	prodigal	v4.6
1218	semibin163_refined_aligned	1284437	1285433	f	0	1	prodigal	v4.6
1219	semibin163_refined_aligned	1285435	1287085	f	0	1	prodigal	v4.6
1220	semibin163_refined_aligned	1287077	1287461	f	0	1	prodigal	v4.6
1221	semibin163_refined_aligned	1287457	1288234	f	0	1	prodigal	v4.6
1222	semibin163_refined_aligned	1288243	1289392	f	0	1	prodigal	v4.6
1223	semibin163_refined_aligned	1289453	1289900	f	0	1	prodigal	v4.6
1224	semibin163_refined_aligned	1289930	1291334	f	0	1	prodigal	v4.6
1225	semibin163_refined_aligned	1291334	1294382	r	0	1	prodigal	v4.6
1226	semibin163_refined_aligned	1294481	1294772	r	0	1	prodigal	v4.6
1227	semibin163_refined_aligned	1294855	1295800	r	0	1	prodigal	v4.6
1228	semibin163_refined_aligned	1295894	1296161	r	0	1	prodigal	v4.6
1229	semibin163_refined_aligned	1296175	1297564	r	0	1	prodigal	v4.6
1230	semibin163_refined_aligned	1297876	1298434	f	0	1	prodigal	v4.6
1231	semibin163_refined_aligned	1298504	1300373	f	0	1	prodigal	v4.6
1232	semibin163_refined_aligned	1300582	1301968	f	0	1	prodigal	v4.6
1233	semibin163_refined_aligned	1302039	1302249	r	0	1	prodigal	v4.6
1234	semibin163_refined_aligned	1302467	1304021	f	0	1	prodigal	v4.6
1235	semibin163_refined_aligned	1304033	1306892	f	0	1	prodigal	v4.6
1236	semibin163_refined_aligned	1306895	1307846	f	0	1	prodigal	v4.6
1237	semibin163_refined_aligned	1307849	1308266	f	0	1	prodigal	v4.6
1238	semibin163_refined_aligned	1308416	1308671	f	0	1	prodigal	v4.6
1239	semibin163_refined_aligned	1308667	1309177	f	0	1	prodigal	v4.6
1240	semibin163_refined_aligned	1309207	1311013	r	0	1	prodigal	v4.6
1241	semibin163_refined_aligned	1311009	1312467	r	0	1	prodigal	v4.6
1242	semibin163_refined_aligned	1312491	1313880	r	0	1	prodigal	v4.6
1243	semibin163_refined_aligned	1314065	1314680	f	0	1	prodigal	v4.6
1244	semibin163_refined_aligned	1314672	1316589	f	0	1	prodigal	v4.6
1245	semibin163_refined_aligned	1316591	1317782	r	0	1	prodigal	v4.6
1246	semibin163_refined_aligned	1317918	1318821	r	0	1	prodigal	v4.6
1247	semibin163_refined_aligned	1318872	1319709	r	0	1	prodigal	v4.6
1248	semibin163_refined_aligned	1319714	1320968	r	0	1	prodigal	v4.6
1249	semibin163_refined_aligned	1321013	1322276	r	0	1	prodigal	v4.6
1250	semibin163_refined_aligned	1322625	1323747	r	0	1	prodigal	v4.6
1251	semibin163_refined_aligned	1323743	1325480	r	0	1	prodigal	v4.6
1252	semibin163_refined_aligned	1325476	1327255	r	0	1	prodigal	v4.6
1253	semibin163_refined_aligned	1327415	1327712	r	0	1	prodigal	v4.6
1254	semibin163_refined_aligned	1327823	1328339	r	0	1	prodigal	v4.6
1255	semibin163_refined_aligned	1328335	1329367	r	0	1	prodigal	v4.6
1256	semibin163_refined_aligned	1329387	1329999	r	0	1	prodigal	v4.6
1257	semibin163_refined_aligned	1330079	1331150	r	0	1	prodigal	v4.6
1258	semibin163_refined_aligned	1331155	1332520	r	0	1	prodigal	v4.6
1259	semibin163_refined_aligned	1332549	1333698	r	0	1	prodigal	v4.6
1260	semibin163_refined_aligned	1333983	1334259	r	0	1	prodigal	v4.6
1261	semibin163_refined_aligned	1334261	1336361	r	0	1	prodigal	v4.6
1262	semibin163_refined_aligned	1336647	1337472	f	0	1	prodigal	v4.6
1263	semibin163_refined_aligned	1337528	1339373	f	0	1	prodigal	v4.6
1264	semibin163_refined_aligned	1339452	1340391	f	0	1	prodigal	v4.6
1265	semibin163_refined_aligned	1340452	1340725	r	0	1	prodigal	v4.6
1266	semibin163_refined_aligned	1341061	1342390	f	0	1	prodigal	v4.6
1267	semibin163_refined_aligned	1342400	1342742	f	0	1	prodigal	v4.6
1268	semibin163_refined_aligned	1342734	1343256	r	0	1	prodigal	v4.6
1269	semibin163_refined_aligned	1343327	1344059	f	0	1	prodigal	v4.6
1270	semibin163_refined_aligned	1344088	1345360	f	0	1	prodigal	v4.6
1271	semibin163_refined_aligned	1345471	1345909	f	0	1	prodigal	v4.6
1272	semibin163_refined_aligned	1345905	1346592	f	0	1	prodigal	v4.6
1273	semibin163_refined_aligned	1346680	1347073	f	0	1	prodigal	v4.6
1274	semibin163_refined_aligned	1347168	1349655	f	0	1	prodigal	v4.6
1275	semibin163_refined_aligned	1349696	1349921	f	0	1	prodigal	v4.6
1276	semibin163_refined_aligned	1349981	1351691	f	0	1	prodigal	v4.6
1277	semibin163_refined_aligned	1352244	1354359	f	0	1	prodigal	v4.6
1278	semibin163_refined_aligned	1354355	1354706	f	0	1	prodigal	v4.6
1279	semibin163_refined_aligned	1354702	1355920	f	0	1	prodigal	v4.6
1280	semibin163_refined_aligned	1355956	1356925	f	0	1	prodigal	v4.6
1281	semibin163_refined_aligned	1356931	1359430	f	0	1	prodigal	v4.6
1282	semibin163_refined_aligned	1359438	1360086	r	0	1	prodigal	v4.6
1283	semibin163_refined_aligned	1360168	1361278	f	0	1	prodigal	v4.6
1284	semibin163_refined_aligned	1361274	1361601	f	0	1	prodigal	v4.6
1285	semibin163_refined_aligned	1361674	1362883	f	0	1	prodigal	v4.6
1286	semibin163_refined_aligned	1362914	1363499	f	0	1	prodigal	v4.6
1287	semibin163_refined_aligned	1363491	1364415	f	0	1	prodigal	v4.6
1288	semibin163_refined_aligned	1364496	1365237	r	0	1	prodigal	v4.6
1289	semibin163_refined_aligned	1365330	1367973	f	0	1	prodigal	v4.6
1290	semibin163_refined_aligned	1368385	1370236	f	0	1	prodigal	v4.6
1291	semibin163_refined_aligned	1370435	1371581	f	0	1	prodigal	v4.6
1292	semibin163_refined_aligned	1371641	1372058	f	0	1	prodigal	v4.6
1293	semibin163_refined_aligned	1372054	1372579	f	0	1	prodigal	v4.6
1294	semibin163_refined_aligned	1372557	1373571	f	0	1	prodigal	v4.6
1295	semibin163_refined_aligned	1373729	1374134	f	0	1	prodigal	v4.6
1296	semibin163_refined_aligned	1374199	1374670	f	0	1	prodigal	v4.6
1297	semibin163_refined_aligned	1374734	1374971	f	0	1	prodigal	v4.6
1298	semibin163_refined_aligned	1375006	1375462	f	0	1	prodigal	v4.6
1299	semibin163_refined_aligned	1375559	1375955	f	0	1	prodigal	v4.6
1300	semibin163_refined_aligned	1376043	1377072	r	0	1	prodigal	v4.6
1301	semibin163_refined_aligned	1377099	1377447	r	0	1	prodigal	v4.6
1302	semibin163_refined_aligned	1377474	1377660	r	0	1	prodigal	v4.6
1303	semibin163_refined_aligned	1377700	1378294	r	0	1	prodigal	v4.6
1304	semibin163_refined_aligned	1378343	1380305	r	0	1	prodigal	v4.6
1305	semibin163_refined_aligned	1380549	1381974	r	0	1	prodigal	v4.6
1306	semibin163_refined_aligned	1382076	1383780	r	0	1	prodigal	v4.6
1307	semibin163_refined_aligned	1383783	1384299	r	0	1	prodigal	v4.6
1308	semibin163_refined_aligned	1384374	1385838	r	0	1	prodigal	v4.6
1309	semibin163_refined_aligned	1385896	1386709	r	0	1	prodigal	v4.6
1310	semibin163_refined_aligned	1386731	1387976	r	0	1	prodigal	v4.6
1311	semibin163_refined_aligned	1388027	1388267	r	0	1	prodigal	v4.6
1312	semibin163_refined_aligned	1388368	1389106	r	0	1	prodigal	v4.6
1313	semibin163_refined_aligned	1389146	1390061	r	0	1	prodigal	v4.6
1314	semibin163_refined_aligned	1390075	1391062	r	0	1	prodigal	v4.6
1315	semibin163_refined_aligned	1391114	1392140	r	0	1	prodigal	v4.6
1316	semibin163_refined_aligned	1392391	1392919	r	0	1	prodigal	v4.6
1317	semibin163_refined_aligned	1393319	1394021	f	0	1	prodigal	v4.6
1318	semibin163_refined_aligned	1394297	1395977	f	0	1	prodigal	v4.6
1319	semibin163_refined_aligned	1396061	1396967	f	0	1	prodigal	v4.6
1320	semibin163_refined_aligned	1396963	1397716	f	0	1	prodigal	v4.6
1321	semibin163_refined_aligned	1397721	1398531	f	0	1	prodigal	v4.6
1322	semibin163_refined_aligned	1398575	1399916	f	0	1	prodigal	v4.6
1323	semibin163_refined_aligned	1399912	1400914	r	0	1	prodigal	v4.6
1324	semibin163_refined_aligned	1401028	1401259	f	0	1	prodigal	v4.6
1325	semibin163_refined_aligned	1401265	1401652	f	0	1	prodigal	v4.6
1326	semibin163_refined_aligned	1401744	1403040	r	0	1	prodigal	v4.6
1327	semibin163_refined_aligned	1403146	1403929	r	0	1	prodigal	v4.6
1328	semibin163_refined_aligned	1404091	1404337	f	0	1	prodigal	v4.6
1329	semibin163_refined_aligned	1404421	1405339	r	0	1	prodigal	v4.6
1330	semibin163_refined_aligned	1405400	1406507	f	0	1	prodigal	v4.6
1331	semibin163_refined_aligned	1406472	1407330	r	0	1	prodigal	v4.6
1332	semibin163_refined_aligned	1407335	1408220	r	0	1	prodigal	v4.6
1333	semibin163_refined_aligned	1408170	1408917	r	0	1	prodigal	v4.6
1334	semibin163_refined_aligned	1409383	1411483	f	0	1	prodigal	v4.6
1335	semibin163_refined_aligned	1411500	1414818	f	0	1	prodigal	v4.6
1336	semibin163_refined_aligned	1414871	1417463	f	0	1	prodigal	v4.6
1337	semibin163_refined_aligned	1417459	1418116	f	0	1	prodigal	v4.6
1338	semibin163_refined_aligned	1418080	1418929	r	0	1	prodigal	v4.6
1339	semibin163_refined_aligned	1418976	1419651	f	0	1	prodigal	v4.6
1340	semibin163_refined_aligned	1419664	1421080	f	0	1	prodigal	v4.6
1341	semibin163_refined_aligned	1421189	1423316	f	0	1	prodigal	v4.6
1342	semibin163_refined_aligned	1423312	1424779	f	0	1	prodigal	v4.6
1343	semibin163_refined_aligned	1425036	1426410	f	0	1	prodigal	v4.6
1344	semibin163_refined_aligned	1426406	1427339	f	0	1	prodigal	v4.6
1345	semibin163_refined_aligned	1427351	1428485	f	0	1	prodigal	v4.6
1346	semibin163_refined_aligned	1428679	1431775	f	0	1	prodigal	v4.6
1347	semibin163_refined_aligned	1431794	1433510	f	0	1	prodigal	v4.6
1348	semibin163_refined_aligned	1433551	1434010	f	0	1	prodigal	v4.6
1349	semibin163_refined_aligned	1434148	1434676	r	0	1	prodigal	v4.6
1350	semibin163_refined_aligned	1434672	1434951	r	0	1	prodigal	v4.6
1351	semibin163_refined_aligned	1435030	1435225	f	0	1	prodigal	v4.6
1352	semibin163_refined_aligned	1435475	1436714	f	0	1	prodigal	v4.6
1353	semibin163_refined_aligned	1437037	1438042	f	0	1	prodigal	v4.6
1354	semibin163_refined_aligned	1438056	1440609	r	0	1	prodigal	v4.6
1355	semibin163_refined_aligned	1440832	1441753	f	0	1	prodigal	v4.6
1356	semibin163_refined_aligned	1441759	1442413	r	0	1	prodigal	v4.6
1357	semibin163_refined_aligned	1442534	1442966	f	0	1	prodigal	v4.6
1358	semibin163_refined_aligned	1442962	1443334	f	0	1	prodigal	v4.6
1359	semibin163_refined_aligned	1443436	1444006	r	0	1	prodigal	v4.6
1360	semibin163_refined_aligned	1444129	1444408	f	0	1	prodigal	v4.6
1361	semibin163_refined_aligned	1444419	1445760	r	0	1	prodigal	v4.6
1362	semibin163_refined_aligned	1445775	1446597	r	0	1	prodigal	v4.6
1363	semibin163_refined_aligned	1446713	1447415	f	0	1	prodigal	v4.6
1364	semibin163_refined_aligned	1447483	1447852	r	0	1	prodigal	v4.6
1365	semibin163_refined_aligned	1447907	1448159	r	0	1	prodigal	v4.6
1366	semibin163_refined_aligned	1448249	1449644	r	0	1	prodigal	v4.6
1367	semibin163_refined_aligned	1449659	1450823	r	0	1	prodigal	v4.6
1368	semibin163_refined_aligned	1450809	1451772	r	0	1	prodigal	v4.6
1369	semibin163_refined_aligned	1451768	1452767	r	0	1	prodigal	v4.6
1370	semibin163_refined_aligned	1452834	1453062	r	0	1	prodigal	v4.6
1371	semibin163_refined_aligned	1453201	1453321	r	0	1	prodigal	v4.6
1372	semibin163_refined_aligned	1453480	1454074	f	0	1	prodigal	v4.6
1373	semibin163_refined_aligned	1454177	1454411	f	0	1	prodigal	v4.6
1374	semibin163_refined_aligned	1454444	1455623	f	0	1	prodigal	v4.6
1375	semibin163_refined_aligned	1455688	1457017	f	0	1	prodigal	v4.6
1376	semibin163_refined_aligned	1457024	1457411	f	0	1	prodigal	v4.6
1377	semibin163_refined_aligned	1457433	1460643	f	0	1	prodigal	v4.6
1378	semibin163_refined_aligned	1460660	1460966	f	0	1	prodigal	v4.6
1379	semibin163_refined_aligned	1460962	1461610	f	0	1	prodigal	v4.6
1380	semibin163_refined_aligned	1461786	1462233	f	0	1	prodigal	v4.6
1381	semibin163_refined_aligned	1462347	1464051	f	0	1	prodigal	v4.6
1382	semibin163_refined_aligned	1464069	1465092	f	0	1	prodigal	v4.6
1383	semibin163_refined_aligned	1465057	1465966	f	0	1	prodigal	v4.6
1384	semibin163_refined_aligned	1466083	1467139	f	0	1	prodigal	v4.6
1385	semibin163_refined_aligned	1467359	1468184	f	0	1	prodigal	v4.6
1386	semibin163_refined_aligned	1468189	1469059	r	0	1	prodigal	v4.6
1387	semibin163_refined_aligned	1469213	1469828	f	0	1	prodigal	v4.6
1388	semibin163_refined_aligned	1469848	1470319	f	0	1	prodigal	v4.6
1389	semibin163_refined_aligned	1470328	1471042	r	0	1	prodigal	v4.6
1390	semibin163_refined_aligned	1471038	1472346	r	0	1	prodigal	v4.6
1391	semibin163_refined_aligned	1472374	1473340	r	0	1	prodigal	v4.6
1392	semibin163_refined_aligned	1473563	1475144	f	0	1	prodigal	v4.6
1393	semibin163_refined_aligned	1475187	1476072	f	0	1	prodigal	v4.6
1394	semibin163_refined_aligned	1476180	1478643	f	0	1	prodigal	v4.6
1395	semibin163_refined_aligned	1478639	1479923	f	0	1	prodigal	v4.6
1396	semibin163_refined_aligned	1479909	1480386	r	0	1	prodigal	v4.6
1397	semibin163_refined_aligned	1480518	1482387	f	0	1	prodigal	v4.6
1398	semibin163_refined_aligned	1482755	1483181	r	0	1	prodigal	v4.6
1399	semibin163_refined_aligned	1483177	1484053	r	0	1	prodigal	v4.6
1400	semibin163_refined_aligned	1484062	1484851	r	0	1	prodigal	v4.6
1401	semibin163_refined_aligned	1485222	1487427	f	0	1	prodigal	v4.6
1402	semibin163_refined_aligned	1487526	1488264	f	0	1	prodigal	v4.6
1403	semibin163_refined_aligned	1488332	1489076	f	0	1	prodigal	v4.6
1404	semibin163_refined_aligned	1489087	1491157	r	0	1	prodigal	v4.6
1405	semibin163_refined_aligned	1491358	1492672	f	0	1	prodigal	v4.6
1406	semibin163_refined_aligned	1492695	1493022	f	0	1	prodigal	v4.6
1407	semibin163_refined_aligned	1493039	1495094	f	0	1	prodigal	v4.6
1408	semibin163_refined_aligned	1495589	1495781	f	0	1	prodigal	v4.6
1409	semibin163_refined_aligned	1495802	1496378	f	0	1	prodigal	v4.6
1410	semibin163_refined_aligned	1496423	1496849	f	0	1	prodigal	v4.6
1411	semibin163_refined_aligned	1496912	1497602	f	0	1	prodigal	v4.6
1412	semibin163_refined_aligned	1497623	1498142	f	0	1	prodigal	v4.6
1413	semibin163_refined_aligned	1498202	1498583	f	0	1	prodigal	v4.6
1414	semibin163_refined_aligned	1498800	1502703	f	0	1	prodigal	v4.6
1415	semibin163_refined_aligned	1502767	1507255	f	0	1	prodigal	v4.6
1416	semibin163_refined_aligned	1507368	1508715	r	0	1	prodigal	v4.6
1417	semibin163_refined_aligned	1508731	1509190	r	0	1	prodigal	v4.6
1418	semibin163_refined_aligned	1509217	1509784	r	0	1	prodigal	v4.6
1419	semibin163_refined_aligned	1510013	1510289	f	0	1	prodigal	v4.6
1420	semibin163_refined_aligned	1510379	1511384	f	0	1	prodigal	v4.6
1421	semibin163_refined_aligned	1511521	1513372	r	0	1	prodigal	v4.6
1422	semibin163_refined_aligned	1513687	1513939	r	0	1	prodigal	v4.6
1423	semibin163_refined_aligned	1514181	1514847	f	0	1	prodigal	v4.6
1424	semibin163_refined_aligned	1515071	1515431	r	0	1	prodigal	v4.6
1425	semibin163_refined_aligned	1515442	1519162	r	0	1	prodigal	v4.6
1426	semibin163_refined_aligned	1519290	1519752	r	0	1	prodigal	v4.6
1427	semibin163_refined_aligned	1519833	1522581	f	0	1	prodigal	v4.6
1428	semibin163_refined_aligned	1522776	1524129	f	0	1	prodigal	v4.6
1429	semibin163_refined_aligned	1524173	1525394	r	0	1	prodigal	v4.6
1430	semibin163_refined_aligned	1525397	1526942	r	0	1	prodigal	v4.6
1431	semibin163_refined_aligned	1526968	1529203	r	0	1	prodigal	v4.6
1432	semibin163_refined_aligned	1529234	1530182	r	0	1	prodigal	v4.6
1433	semibin163_refined_aligned	1530231	1531713	r	0	1	prodigal	v4.6
1434	semibin163_refined_aligned	1532073	1532898	f	0	1	prodigal	v4.6
1435	semibin163_refined_aligned	1532915	1533488	f	0	1	prodigal	v4.6
1436	semibin163_refined_aligned	1533491	1534844	f	0	1	prodigal	v4.6
1437	semibin163_refined_aligned	1534833	1535442	f	0	1	prodigal	v4.6
1438	semibin163_refined_aligned	1535383	1535854	r	0	1	prodigal	v4.6
1439	semibin163_refined_aligned	1536052	1538578	f	0	1	prodigal	v4.6
1440	semibin163_refined_aligned	1538612	1539977	r	0	1	prodigal	v4.6
1441	semibin163_refined_aligned	1540234	1541296	r	0	1	prodigal	v4.6
1442	semibin163_refined_aligned	1541273	1541366	r	0	1	prodigal	v4.6
1443	semibin163_refined_aligned	1541384	1542332	f	0	1	prodigal	v4.6
1444	semibin163_refined_aligned	1542336	1542909	r	0	1	prodigal	v4.6
1445	semibin163_refined_aligned	1542947	1543616	f	0	1	prodigal	v4.6
1446	semibin163_refined_aligned	1543672	1545733	f	0	1	prodigal	v4.6
1447	semibin163_refined_aligned	1545785	1546205	f	0	1	prodigal	v4.6
1448	semibin163_refined_aligned	1546314	1547142	r	0	1	prodigal	v4.6
1449	semibin163_refined_aligned	1547320	1547485	r	0	1	prodigal	v4.6
1450	semibin163_refined_aligned	1547901	1549668	r	0	1	prodigal	v4.6
1451	semibin163_refined_aligned	1549694	1551293	r	0	1	prodigal	v4.6
1452	semibin163_refined_aligned	1551300	1551900	r	0	1	prodigal	v4.6
1453	semibin163_refined_aligned	1551899	1553126	r	0	1	prodigal	v4.6
1454	semibin163_refined_aligned	1553403	1554930	f	0	1	prodigal	v4.6
1455	semibin163_refined_aligned	1554795	1555476	r	0	1	prodigal	v4.6
1456	semibin163_refined_aligned	1555533	1556814	f	0	1	prodigal	v4.6
1457	semibin163_refined_aligned	1556806	1557037	f	0	1	prodigal	v4.6
1458	semibin163_refined_aligned	1557532	1557802	r	0	1	prodigal	v4.6
1459	semibin163_refined_aligned	1559765	1561901	f	0	1	prodigal	v4.6
1460	semibin163_refined_aligned	1563716	1563896	f	0	1	prodigal	v4.6
1461	semibin163_refined_aligned	1565688	1566114	r	0	1	prodigal	v4.6
1462	semibin163_refined_aligned	1571021	1571690	r	0	1	prodigal	v4.6
1463	semibin163_refined_aligned	1572146	1576286	f	0	1	prodigal	v4.6
1464	semibin163_refined_aligned	1576386	1576635	f	0	1	prodigal	v4.6
1465	semibin163_refined_aligned	1576853	1577279	r	0	1	prodigal	v4.6
1466	semibin163_refined_aligned	1579019	1583423	f	0	1	prodigal	v4.6
1467	semibin163_refined_aligned	1583589	1585332	f	0	1	prodigal	v4.6
1468	semibin163_refined_aligned	1585328	1587041	f	0	1	prodigal	v4.6
1469	semibin163_refined_aligned	1587045	1588224	f	0	1	prodigal	v4.6
1470	semibin163_refined_aligned	1588251	1589565	f	0	1	prodigal	v4.6
1471	semibin163_refined_aligned	1591593	1592898	f	0	1	prodigal	v4.6
1472	semibin163_refined_aligned	1592899	1595629	r	0	1	prodigal	v4.6
1473	semibin163_refined_aligned	1595878	1596346	f	0	1	prodigal	v4.6
1474	semibin163_refined_aligned	1596439	1596760	f	0	1	prodigal	v4.6
1475	semibin163_refined_aligned	1596799	1596913	f	0	1	prodigal	v4.6
1476	semibin163_refined_aligned	1597543	1598074	r	0	1	prodigal	v4.6
1477	semibin163_refined_aligned	1598165	1599065	f	0	1	prodigal	v4.6
1478	semibin163_refined_aligned	1599371	1599953	f	0	1	prodigal	v4.6
1479	semibin163_refined_aligned	1600103	1600244	r	0	1	prodigal	v4.6
1480	semibin163_refined_aligned	1600350	1602258	f	0	1	prodigal	v4.6
1481	semibin163_refined_aligned	1602410	1603310	f	0	1	prodigal	v4.6
1482	semibin163_refined_aligned	1603293	1604253	f	0	1	prodigal	v4.6
1483	semibin163_refined_aligned	1604252	1605449	f	0	1	prodigal	v4.6
1484	semibin163_refined_aligned	1605574	1606729	f	0	1	prodigal	v4.6
1485	semibin163_refined_aligned	1606725	1608261	f	0	1	prodigal	v4.6
1486	semibin163_refined_aligned	1608492	1608786	f	0	1	prodigal	v4.6
1487	semibin163_refined_aligned	1608782	1609712	f	0	1	prodigal	v4.6
1488	semibin163_refined_aligned	1609805	1610582	f	0	1	prodigal	v4.6
1489	semibin163_refined_aligned	1610673	1611327	f	0	1	prodigal	v4.6
1490	semibin163_refined_aligned	1611329	1612298	f	0	1	prodigal	v4.6
1491	semibin163_refined_aligned	1612298	1612859	f	0	1	prodigal	v4.6
1492	semibin163_refined_aligned	1612858	1614757	f	0	1	prodigal	v4.6
1493	semibin163_refined_aligned	1614905	1616798	f	0	1	prodigal	v4.6
1494	semibin163_refined_aligned	1616787	1618812	r	0	1	prodigal	v4.6
1495	semibin163_refined_aligned	1618825	1619932	r	0	1	prodigal	v4.6
1496	semibin163_refined_aligned	1619939	1620944	r	0	1	prodigal	v4.6
1497	semibin163_refined_aligned	1620943	1621741	r	0	1	prodigal	v4.6
1498	semibin163_refined_aligned	1621737	1623108	r	0	1	prodigal	v4.6
1499	semibin163_refined_aligned	1623134	1624193	r	0	1	prodigal	v4.6
1500	semibin163_refined_aligned	1624207	1624843	r	0	1	prodigal	v4.6
1501	semibin163_refined_aligned	1624883	1625666	r	0	1	prodigal	v4.6
1502	semibin163_refined_aligned	1625960	1626977	r	0	1	prodigal	v4.6
1503	semibin163_refined_aligned	1626976	1628161	r	0	1	prodigal	v4.6
1504	semibin163_refined_aligned	1628896	1630039	f	0	1	prodigal	v4.6
1505	semibin163_refined_aligned	1630035	1631208	f	0	1	prodigal	v4.6
1506	semibin163_refined_aligned	1631204	1631942	r	0	1	prodigal	v4.6
1507	semibin163_refined_aligned	1632117	1633239	f	0	1	prodigal	v4.6
1508	semibin163_refined_aligned	1633201	1634074	f	0	1	prodigal	v4.6
1509	semibin163_refined_aligned	1634277	1634748	f	0	1	prodigal	v4.6
1510	semibin163_refined_aligned	1634781	1636050	f	0	1	prodigal	v4.6
1511	semibin163_refined_aligned	1636050	1636293	f	0	1	prodigal	v4.6
1512	semibin163_refined_aligned	1636312	1636510	f	0	1	prodigal	v4.6
1513	semibin163_refined_aligned	1636506	1636749	f	0	1	prodigal	v4.6
1514	semibin163_refined_aligned	1636745	1636952	f	0	1	prodigal	v4.6
1515	semibin163_refined_aligned	1637087	1637633	f	0	1	prodigal	v4.6
1516	semibin163_refined_aligned	1637684	1639256	f	0	1	prodigal	v4.6
1517	semibin163_refined_aligned	1639311	1642125	f	0	1	prodigal	v4.6
1518	semibin163_refined_aligned	1642138	1642507	f	0	1	prodigal	v4.6
1519	semibin163_refined_aligned	1642516	1643245	f	0	1	prodigal	v4.6
1520	semibin163_refined_aligned	1643249	1644200	f	0	1	prodigal	v4.6
1521	semibin163_refined_aligned	1644247	1644517	f	0	1	prodigal	v4.6
1522	semibin163_refined_aligned	1644616	1645492	f	0	1	prodigal	v4.6
1523	semibin163_refined_aligned	1645497	1646076	f	0	1	prodigal	v4.6
1524	semibin163_refined_aligned	1646096	1646450	f	0	1	prodigal	v4.6
1525	semibin163_refined_aligned	1646418	1646922	f	0	1	prodigal	v4.6
1526	semibin163_refined_aligned	1646967	1647294	f	0	1	prodigal	v4.6
1527	semibin163_refined_aligned	1647277	1648018	r	0	1	prodigal	v4.6
1528	semibin163_refined_aligned	1648063	1648447	r	0	1	prodigal	v4.6
1529	semibin163_refined_aligned	1648462	1649014	r	0	1	prodigal	v4.6
1530	semibin163_refined_aligned	1649038	1649560	r	0	1	prodigal	v4.6
1531	semibin163_refined_aligned	1649673	1650738	f	0	1	prodigal	v4.6
1532	semibin163_refined_aligned	1650729	1651884	r	0	1	prodigal	v4.6
1533	semibin163_refined_aligned	1651914	1652928	r	0	1	prodigal	v4.6
1534	semibin163_refined_aligned	1652920	1653994	r	0	1	prodigal	v4.6
1535	semibin163_refined_aligned	1654208	1655477	f	0	1	prodigal	v4.6
1536	semibin163_refined_aligned	1655494	1656991	r	0	1	prodigal	v4.6
1537	semibin163_refined_aligned	1657308	1658709	f	0	1	prodigal	v4.6
1538	semibin163_refined_aligned	1658728	1660576	f	0	1	prodigal	v4.6
1539	semibin163_refined_aligned	1660713	1660989	f	0	1	prodigal	v4.6
1540	semibin163_refined_aligned	1661045	1661651	f	0	1	prodigal	v4.6
1541	semibin163_refined_aligned	1661662	1662928	f	0	1	prodigal	v4.6
1542	semibin163_refined_aligned	1663236	1664526	f	0	1	prodigal	v4.6
1543	semibin163_refined_aligned	1664710	1664818	f	0	1	prodigal	v4.6
1544	semibin163_refined_aligned	1665115	1665646	f	0	1	prodigal	v4.6
1545	semibin163_refined_aligned	1665642	1666956	f	0	1	prodigal	v4.6
1546	semibin163_refined_aligned	1666960	1668103	r	0	1	prodigal	v4.6
1547	semibin163_refined_aligned	1668239	1668968	f	0	1	prodigal	v4.6
1548	semibin163_refined_aligned	1668992	1669976	f	0	1	prodigal	v4.6
1549	semibin163_refined_aligned	1670036	1670639	f	0	1	prodigal	v4.6
1550	semibin163_refined_aligned	1670773	1671397	r	0	1	prodigal	v4.6
1551	semibin163_refined_aligned	1671525	1674009	r	0	1	prodigal	v4.6
1552	semibin163_refined_aligned	1674023	1674836	r	0	1	prodigal	v4.6
1553	semibin163_refined_aligned	1675056	1676481	f	0	1	prodigal	v4.6
1554	semibin163_refined_aligned	1676520	1677420	f	0	1	prodigal	v4.6
1555	semibin163_refined_aligned	1677541	1678522	r	0	1	prodigal	v4.6
1556	semibin163_refined_aligned	1678579	1678927	f	0	1	prodigal	v4.6
1557	semibin163_refined_aligned	1678945	1680436	f	0	1	prodigal	v4.6
1558	semibin163_refined_aligned	1680452	1681130	r	0	1	prodigal	v4.6
1559	semibin163_refined_aligned	1681126	1681609	r	0	1	prodigal	v4.6
1560	semibin163_refined_aligned	1681640	1682183	r	0	1	prodigal	v4.6
1561	semibin163_refined_aligned	1682127	1682532	r	0	1	prodigal	v4.6
1562	semibin163_refined_aligned	1682543	1683161	r	0	1	prodigal	v4.6
1563	semibin163_refined_aligned	1683267	1684650	r	0	1	prodigal	v4.6
1564	semibin163_refined_aligned	1684727	1685876	f	0	1	prodigal	v4.6
1565	semibin163_refined_aligned	1685881	1686154	f	0	1	prodigal	v4.6
1566	semibin163_refined_aligned	1686265	1687075	f	0	1	prodigal	v4.6
1567	semibin163_refined_aligned	1687071	1687470	f	0	1	prodigal	v4.6
1568	semibin163_refined_aligned	1687489	1688170	f	0	1	prodigal	v4.6
1569	semibin163_refined_aligned	1688166	1689072	f	0	1	prodigal	v4.6
1570	semibin163_refined_aligned	1689095	1690031	r	0	1	prodigal	v4.6
1571	semibin163_refined_aligned	1690033	1690441	r	0	1	prodigal	v4.6
1572	semibin163_refined_aligned	1690424	1690823	r	0	1	prodigal	v4.6
1573	semibin163_refined_aligned	1690841	1691183	r	0	1	prodigal	v4.6
1574	semibin163_refined_aligned	1691182	1691926	r	0	1	prodigal	v4.6
1575	semibin163_refined_aligned	1692108	1692819	f	0	1	prodigal	v4.6
1576	semibin163_refined_aligned	1692827	1694369	f	0	1	prodigal	v4.6
1577	semibin163_refined_aligned	1694344	1696411	f	0	1	prodigal	v4.6
1578	semibin163_refined_aligned	1696388	1696796	f	0	1	prodigal	v4.6
1579	semibin163_refined_aligned	1696777	1697017	r	0	1	prodigal	v4.6
1580	semibin163_refined_aligned	1697651	1698065	r	0	1	prodigal	v4.6
1581	semibin163_refined_aligned	1698171	1699254	f	0	1	prodigal	v4.6
1582	semibin163_refined_aligned	1699250	1700219	f	0	1	prodigal	v4.6
1583	semibin163_refined_aligned	1700226	1701123	f	0	1	prodigal	v4.6
1584	semibin163_refined_aligned	1701160	1702054	f	0	1	prodigal	v4.6
1585	semibin163_refined_aligned	1702099	1703548	r	0	1	prodigal	v4.6
1586	semibin163_refined_aligned	1703659	1704505	r	0	1	prodigal	v4.6
1587	semibin163_refined_aligned	1704644	1705250	f	0	1	prodigal	v4.6
1588	semibin163_refined_aligned	1705271	1706060	f	0	1	prodigal	v4.6
1589	semibin163_refined_aligned	1706044	1706704	f	0	1	prodigal	v4.6
1590	semibin163_refined_aligned	1706648	1707404	f	0	1	prodigal	v4.6
1591	semibin163_refined_aligned	1707410	1707623	r	0	1	prodigal	v4.6
1592	semibin163_refined_aligned	1708028	1708367	r	0	1	prodigal	v4.6
1593	semibin163_refined_aligned	1709313	1709643	f	0	1	prodigal	v4.6
1594	semibin163_refined_aligned	1709859	1711422	f	0	1	prodigal	v4.6
1595	semibin163_refined_aligned	1711475	1713218	f	0	1	prodigal	v4.6
1596	semibin163_refined_aligned	1713277	1713724	f	0	1	prodigal	v4.6
1597	semibin163_refined_aligned	1713752	1714388	r	0	1	prodigal	v4.6
1598	semibin163_refined_aligned	1714384	1715098	r	0	1	prodigal	v4.6
1599	semibin163_refined_aligned	1715084	1715588	r	0	1	prodigal	v4.6
1600	semibin163_refined_aligned	1715608	1716304	r	0	1	prodigal	v4.6
1601	semibin163_refined_aligned	1716293	1719848	r	0	1	prodigal	v4.6
1602	semibin163_refined_aligned	1719898	1720801	r	0	1	prodigal	v4.6
1603	semibin163_refined_aligned	1720816	1721860	r	0	1	prodigal	v4.6
1604	semibin163_refined_aligned	1721856	1722318	r	0	1	prodigal	v4.6
1605	semibin163_refined_aligned	1722416	1723376	r	0	1	prodigal	v4.6
1606	semibin163_refined_aligned	1723431	1723782	f	0	1	prodigal	v4.6
1607	semibin163_refined_aligned	1723797	1724859	f	0	1	prodigal	v4.6
1608	semibin163_refined_aligned	1724864	1725992	r	0	1	prodigal	v4.6
1609	semibin163_refined_aligned	1726013	1726874	r	0	1	prodigal	v4.6
1610	semibin163_refined_aligned	1726895	1727630	r	0	1	prodigal	v4.6
1611	semibin163_refined_aligned	1727633	1728428	r	0	1	prodigal	v4.6
1612	semibin163_refined_aligned	1728546	1729407	r	0	1	prodigal	v4.6
1613	semibin163_refined_aligned	1729488	1730340	r	0	1	prodigal	v4.6
1614	semibin163_refined_aligned	1730336	1730993	r	0	1	prodigal	v4.6
1615	semibin163_refined_aligned	1731000	1731714	r	0	1	prodigal	v4.6
1616	semibin163_refined_aligned	1731917	1734281	f	0	1	prodigal	v4.6
1617	semibin163_refined_aligned	1734359	1734953	f	0	1	prodigal	v4.6
1618	semibin163_refined_aligned	1734949	1735426	f	0	1	prodigal	v4.6
1619	semibin163_refined_aligned	1735356	1737336	r	0	1	prodigal	v4.6
1620	semibin163_refined_aligned	1737433	1737859	r	0	1	prodigal	v4.6
1621	semibin163_refined_aligned	1738035	1739487	f	0	1	prodigal	v4.6
1622	semibin163_refined_aligned	1739542	1741735	f	0	1	prodigal	v4.6
1623	semibin163_refined_aligned	1741736	1742771	f	0	1	prodigal	v4.6
1624	semibin163_refined_aligned	1742778	1743363	f	0	1	prodigal	v4.6
1625	semibin163_refined_aligned	1743415	1744720	f	0	1	prodigal	v4.6
1626	semibin163_refined_aligned	1744845	1745712	f	0	1	prodigal	v4.6
1627	semibin163_refined_aligned	1745908	1748128	f	0	1	prodigal	v4.6
1628	semibin163_refined_aligned	1748205	1749024	r	0	1	prodigal	v4.6
1629	semibin163_refined_aligned	1749198	1749435	f	0	1	prodigal	v4.6
1630	semibin163_refined_aligned	1749591	1752831	f	0	1	prodigal	v4.6
1631	semibin163_refined_aligned	1752891	1753332	f	0	1	prodigal	v4.6
1632	semibin163_refined_aligned	1753356	1754853	r	0	1	prodigal	v4.6
1633	semibin163_refined_aligned	1755030	1755543	f	0	1	prodigal	v4.6
1634	semibin163_refined_aligned	1755550	1756204	r	0	1	prodigal	v4.6
1635	semibin163_refined_aligned	1756265	1756778	r	0	1	prodigal	v4.6
1636	semibin163_refined_aligned	1756899	1757442	f	0	1	prodigal	v4.6
1637	semibin163_refined_aligned	1757453	1758515	r	0	1	prodigal	v4.6
1638	semibin163_refined_aligned	1758507	1759122	r	0	1	prodigal	v4.6
1639	semibin163_refined_aligned	1759266	1760544	f	0	1	prodigal	v4.6
1640	semibin163_refined_aligned	1760546	1760984	f	0	1	prodigal	v4.6
1641	semibin163_refined_aligned	1761092	1762577	f	0	1	prodigal	v4.6
1642	semibin163_refined_aligned	1762576	1763359	f	0	1	prodigal	v4.6
1643	semibin163_refined_aligned	1763339	1764005	r	0	1	prodigal	v4.6
1644	semibin163_refined_aligned	1764041	1766330	r	0	1	prodigal	v4.6
1645	semibin163_refined_aligned	1766410	1766638	r	0	1	prodigal	v4.6
1646	semibin163_refined_aligned	1766815	1769605	r	0	1	prodigal	v4.6
1647	semibin163_refined_aligned	1769588	1770410	r	0	1	prodigal	v4.6
1648	semibin163_refined_aligned	1770502	1771255	f	0	1	prodigal	v4.6
1649	semibin163_refined_aligned	1771258	1771819	f	0	1	prodigal	v4.6
1650	semibin163_refined_aligned	1771869	1772406	f	0	1	prodigal	v4.6
1651	semibin163_refined_aligned	1772462	1773863	r	0	1	prodigal	v4.6
1652	semibin163_refined_aligned	1773910	1774714	r	0	1	prodigal	v4.6
1653	semibin163_refined_aligned	1774843	1775329	f	0	1	prodigal	v4.6
1654	semibin163_refined_aligned	1775404	1777399	r	0	1	prodigal	v4.6
1655	semibin163_refined_aligned	1777618	1780048	r	0	1	prodigal	v4.6
1656	semibin163_refined_aligned	1780146	1782312	r	0	1	prodigal	v4.6
1657	semibin163_refined_aligned	1782437	1783316	r	0	1	prodigal	v4.6
1658	semibin163_refined_aligned	1783299	1784040	r	0	1	prodigal	v4.6
1659	semibin163_refined_aligned	1784151	1785171	f	0	1	prodigal	v4.6
1660	semibin163_refined_aligned	1785233	1787000	f	0	1	prodigal	v4.6
1661	semibin163_refined_aligned	1787007	1788570	r	0	1	prodigal	v4.6
1662	semibin163_refined_aligned	1788814	1789543	f	0	1	prodigal	v4.6
1663	semibin163_refined_aligned	1789635	1789983	r	0	1	prodigal	v4.6
1664	semibin163_refined_aligned	1790090	1790822	f	0	1	prodigal	v4.6
1665	semibin163_refined_aligned	1790800	1791670	f	0	1	prodigal	v4.6
1666	semibin163_refined_aligned	1791633	1792614	f	0	1	prodigal	v4.6
1667	semibin163_refined_aligned	1792707	1793034	f	0	1	prodigal	v4.6
1668	semibin163_refined_aligned	1793107	1794130	f	0	1	prodigal	v4.6
1669	semibin163_refined_aligned	1794068	1795889	f	0	1	prodigal	v4.6
1670	semibin163_refined_aligned	1795894	1796860	f	0	1	prodigal	v4.6
1671	semibin163_refined_aligned	1796898	1797930	f	0	1	prodigal	v4.6
1672	semibin163_refined_aligned	1797948	1799637	f	0	1	prodigal	v4.6
1673	semibin163_refined_aligned	1799721	1803276	r	0	1	prodigal	v4.6
1674	semibin163_refined_aligned	1803508	1804240	f	0	1	prodigal	v4.6
1675	semibin163_refined_aligned	1804308	1804692	f	0	1	prodigal	v4.6
1676	semibin163_refined_aligned	1804696	1806031	f	0	1	prodigal	v4.6
1677	semibin163_refined_aligned	1806023	1806917	r	0	1	prodigal	v4.6
1678	semibin163_refined_aligned	1807054	1808773	r	0	1	prodigal	v4.6
1679	semibin163_refined_aligned	1808844	1809819	r	0	1	prodigal	v4.6
1680	semibin163_refined_aligned	1809972	1810185	r	0	1	prodigal	v4.6
1681	semibin163_refined_aligned	1810259	1810919	r	0	1	prodigal	v4.6
1682	semibin163_refined_aligned	1811011	1812007	f	0	1	prodigal	v4.6
1683	semibin163_refined_aligned	1811978	1813019	r	0	1	prodigal	v4.6
1684	semibin163_refined_aligned	1813031	1813472	r	0	1	prodigal	v4.6
1685	semibin163_refined_aligned	1813561	1813780	r	0	1	prodigal	v4.6
1686	semibin163_refined_aligned	1813859	1814849	r	0	1	prodigal	v4.6
1687	semibin163_refined_aligned	1814919	1815975	r	0	1	prodigal	v4.6
1688	semibin163_refined_aligned	1816121	1817198	f	0	1	prodigal	v4.6
1689	semibin163_refined_aligned	1817209	1818388	r	0	1	prodigal	v4.6
1690	semibin163_refined_aligned	1818401	1819313	r	0	1	prodigal	v4.6
1691	semibin163_refined_aligned	1819520	1820726	r	0	1	prodigal	v4.6
1692	semibin163_refined_aligned	1820881	1822153	f	0	1	prodigal	v4.6
1693	semibin163_refined_aligned	1822244	1822718	f	0	1	prodigal	v4.6
1694	semibin163_refined_aligned	1822767	1823706	r	0	1	prodigal	v4.6
1695	semibin163_refined_aligned	1823723	1825844	r	0	1	prodigal	v4.6
1696	semibin163_refined_aligned	1825982	1826849	f	0	1	prodigal	v4.6
1697	semibin163_refined_aligned	1826952	1827447	r	0	1	prodigal	v4.6
1698	semibin163_refined_aligned	1827506	1827770	r	0	1	prodigal	v4.6
1699	semibin163_refined_aligned	1827931	1828513	r	0	1	prodigal	v4.6
1700	semibin163_refined_aligned	1828543	1829044	r	0	1	prodigal	v4.6
1701	semibin163_refined_aligned	1829077	1829407	r	0	1	prodigal	v4.6
1702	semibin163_refined_aligned	1829623	1830238	f	0	1	prodigal	v4.6
1703	semibin163_refined_aligned	1830234	1830939	f	0	1	prodigal	v4.6
1704	semibin163_refined_aligned	1831014	1831239	r	0	1	prodigal	v4.6
1705	semibin163_refined_aligned	1831318	1831558	r	0	1	prodigal	v4.6
1706	semibin163_refined_aligned	1831644	1833990	r	0	1	prodigal	v4.6
1707	semibin163_refined_aligned	1833989	1834217	r	0	1	prodigal	v4.6
1708	semibin163_refined_aligned	1834225	1834495	r	0	1	prodigal	v4.6
1709	semibin163_refined_aligned	1834506	1835472	r	0	1	prodigal	v4.6
1710	semibin163_refined_aligned	1835632	1836121	r	0	1	prodigal	v4.6
1711	semibin163_refined_aligned	1836248	1836665	f	0	1	prodigal	v4.6
1712	semibin163_refined_aligned	1836742	1838599	r	0	1	prodigal	v4.6
1713	semibin163_refined_aligned	1838843	1840109	f	0	1	prodigal	v4.6
1714	semibin163_refined_aligned	1840130	1841456	f	0	1	prodigal	v4.6
1715	semibin163_refined_aligned	1841547	1841850	r	0	1	prodigal	v4.6
1716	semibin163_refined_aligned	1842079	1842835	r	0	1	prodigal	v4.6
1717	semibin163_refined_aligned	1842974	1843295	f	0	1	prodigal	v4.6
1718	semibin163_refined_aligned	1843343	1844390	f	0	1	prodigal	v4.6
1719	semibin163_refined_aligned	1844386	1845280	f	0	1	prodigal	v4.6
1720	semibin163_refined_aligned	1845284	1846157	f	0	1	prodigal	v4.6
1721	semibin163_refined_aligned	1846181	1847348	f	0	1	prodigal	v4.6
1722	semibin163_refined_aligned	1847369	1847633	f	0	1	prodigal	v4.6
1723	semibin163_refined_aligned	1847629	1848865	f	0	1	prodigal	v4.6
1724	semibin163_refined_aligned	1848884	1849937	f	0	1	prodigal	v4.6
1725	semibin163_refined_aligned	1850296	1851229	r	0	1	prodigal	v4.6
1726	semibin163_refined_aligned	1851382	1851637	r	0	1	prodigal	v4.6
1727	semibin163_refined_aligned	1851676	1851967	r	0	1	prodigal	v4.6
1728	semibin163_refined_aligned	1852046	1852484	r	0	1	prodigal	v4.6
1729	semibin163_refined_aligned	1852667	1855301	f	0	1	prodigal	v4.6
1730	semibin163_refined_aligned	1855335	1857090	r	0	1	prodigal	v4.6
1731	semibin163_refined_aligned	1857156	1857627	f	0	1	prodigal	v4.6
1732	semibin163_refined_aligned	1857704	1858808	r	0	1	prodigal	v4.6
1733	semibin163_refined_aligned	1858992	1860555	f	0	1	prodigal	v4.6
1734	semibin163_refined_aligned	1860526	1861660	r	0	1	prodigal	v4.6
1735	semibin163_refined_aligned	1861682	1862252	r	0	1	prodigal	v4.6
1736	semibin163_refined_aligned	1862344	1863205	f	0	1	prodigal	v4.6
1737	semibin163_refined_aligned	1863277	1864126	r	0	1	prodigal	v4.6
1738	semibin163_refined_aligned	1864136	1865438	r	0	1	prodigal	v4.6
1739	semibin163_refined_aligned	1865601	1866186	f	0	1	prodigal	v4.6
1740	semibin163_refined_aligned	1866275	1867721	r	0	1	prodigal	v4.6
1741	semibin163_refined_aligned	1867770	1868520	r	0	1	prodigal	v4.6
1742	semibin163_refined_aligned	1868657	1869545	f	0	1	prodigal	v4.6
1743	semibin163_refined_aligned	1869726	1870800	f	0	1	prodigal	v4.6
1744	semibin163_refined_aligned	1870827	1871427	f	0	1	prodigal	v4.6
1745	semibin163_refined_aligned	1871450	1872644	f	0	1	prodigal	v4.6
1746	semibin163_refined_aligned	1872724	1873369	r	0	1	prodigal	v4.6
1747	semibin163_refined_aligned	1873437	1874442	r	0	1	prodigal	v4.6
1748	semibin163_refined_aligned	1874530	1875997	r	0	1	prodigal	v4.6
1749	semibin163_refined_aligned	1875993	1877328	r	0	1	prodigal	v4.6
1750	semibin163_refined_aligned	1877346	1878045	r	0	1	prodigal	v4.6
1751	semibin163_refined_aligned	1878041	1879301	r	0	1	prodigal	v4.6
1752	semibin163_refined_aligned	1879315	1880407	r	0	1	prodigal	v4.6
1753	semibin163_refined_aligned	1880434	1881694	r	0	1	prodigal	v4.6
1754	semibin163_refined_aligned	1881690	1882179	r	0	1	prodigal	v4.6
1755	semibin163_refined_aligned	1882186	1883815	r	0	1	prodigal	v4.6
1756	semibin163_refined_aligned	1884035	1884596	f	0	1	prodigal	v4.6
1757	semibin163_refined_aligned	1884592	1885576	f	0	1	prodigal	v4.6
1758	semibin163_refined_aligned	1885652	1887467	f	0	1	prodigal	v4.6
1759	semibin163_refined_aligned	1887542	1888373	f	0	1	prodigal	v4.6
1760	semibin163_refined_aligned	1888366	1888777	r	0	1	prodigal	v4.6
1761	semibin163_refined_aligned	1888839	1890339	f	0	1	prodigal	v4.6
1762	semibin163_refined_aligned	1890373	1891876	f	0	1	prodigal	v4.6
1763	semibin163_refined_aligned	1891938	1892481	f	0	1	prodigal	v4.6
1764	semibin163_refined_aligned	1892516	1892741	f	0	1	prodigal	v4.6
1765	semibin163_refined_aligned	1892751	1893501	f	0	1	prodigal	v4.6
1766	semibin163_refined_aligned	1893678	1894428	f	0	1	prodigal	v4.6
1767	semibin163_refined_aligned	1894456	1896142	r	0	1	prodigal	v4.6
1768	semibin163_refined_aligned	1896469	1897819	f	0	1	prodigal	v4.6
1769	semibin163_refined_aligned	1897822	1898800	f	0	1	prodigal	v4.6
1770	semibin163_refined_aligned	1898848	1900087	f	0	1	prodigal	v4.6
1771	semibin163_refined_aligned	1900100	1901846	r	0	1	prodigal	v4.6
1772	semibin163_refined_aligned	1901848	1902592	r	0	1	prodigal	v4.6
1773	semibin163_refined_aligned	1902656	1903091	r	0	1	prodigal	v4.6
1774	semibin163_refined_aligned	1903265	1904060	f	0	1	prodigal	v4.6
1775	semibin163_refined_aligned	1904065	1905301	r	0	1	prodigal	v4.6
1776	semibin163_refined_aligned	1905348	1906335	r	0	1	prodigal	v4.6
1777	semibin163_refined_aligned	1906450	1907257	f	0	1	prodigal	v4.6
1778	semibin163_refined_aligned	1907253	1908411	f	0	1	prodigal	v4.6
1779	semibin163_refined_aligned	1908398	1909148	r	0	1	prodigal	v4.6
1780	semibin163_refined_aligned	1909147	1910089	r	0	1	prodigal	v4.6
1781	semibin163_refined_aligned	1910118	1911399	r	0	1	prodigal	v4.6
1782	semibin163_refined_aligned	1911503	1912376	r	0	1	prodigal	v4.6
1783	semibin163_refined_aligned	1912521	1914348	f	0	1	prodigal	v4.6
1784	semibin163_refined_aligned	1914420	1915521	r	0	1	prodigal	v4.6
1785	semibin163_refined_aligned	1915513	1916479	r	0	1	prodigal	v4.6
1786	semibin163_refined_aligned	1916500	1916974	r	0	1	prodigal	v4.6
1787	semibin163_refined_aligned	1917023	1918751	r	0	1	prodigal	v4.6
1788	semibin163_refined_aligned	1918814	1919552	r	0	1	prodigal	v4.6
1789	semibin163_refined_aligned	1919603	1920041	f	0	1	prodigal	v4.6
1790	semibin163_refined_aligned	1920045	1921479	r	0	1	prodigal	v4.6
1791	semibin163_refined_aligned	1921555	1922416	r	0	1	prodigal	v4.6
1792	semibin163_refined_aligned	1922520	1923879	r	0	1	prodigal	v4.6
1793	semibin163_refined_aligned	1923952	1924138	r	0	1	prodigal	v4.6
1794	semibin163_refined_aligned	1924402	1924939	f	0	1	prodigal	v4.6
1795	semibin163_refined_aligned	1924960	1927135	f	0	1	prodigal	v4.6
1796	semibin163_refined_aligned	1927195	1927588	r	0	1	prodigal	v4.6
1797	semibin163_refined_aligned	1927718	1928225	f	0	1	prodigal	v4.6
1798	semibin163_refined_aligned	1928224	1929025	f	0	1	prodigal	v4.6
1799	semibin163_refined_aligned	1929032	1930130	r	0	1	prodigal	v4.6
1800	semibin163_refined_aligned	1930131	1930719	r	0	1	prodigal	v4.6
1801	semibin163_refined_aligned	1930795	1931047	r	0	1	prodigal	v4.6
1802	semibin163_refined_aligned	1931010	1932462	r	0	1	prodigal	v4.6
1803	semibin163_refined_aligned	1932458	1933754	r	0	1	prodigal	v4.6
1804	semibin163_refined_aligned	1933759	1934953	r	0	1	prodigal	v4.6
1805	semibin163_refined_aligned	1934979	1935498	f	0	1	prodigal	v4.6
1806	semibin163_refined_aligned	1935517	1936522	f	0	1	prodigal	v4.6
1807	semibin163_refined_aligned	1936535	1936955	r	0	1	prodigal	v4.6
1808	semibin163_refined_aligned	1936989	1938534	r	0	1	prodigal	v4.6
1809	semibin163_refined_aligned	1938563	1939502	r	0	1	prodigal	v4.6
1810	semibin163_refined_aligned	1939750	1941010	f	0	1	prodigal	v4.6
1811	semibin163_refined_aligned	1940999	1941425	f	0	1	prodigal	v4.6
1812	semibin163_refined_aligned	1941511	1941973	f	0	1	prodigal	v4.6
1813	semibin163_refined_aligned	1942087	1942756	r	0	1	prodigal	v4.6
1814	semibin163_refined_aligned	1942989	1943271	f	0	1	prodigal	v4.6
1815	semibin163_refined_aligned	1943270	1943756	f	0	1	prodigal	v4.6
1816	semibin163_refined_aligned	1944335	1945139	r	0	1	prodigal	v4.6
1817	semibin163_refined_aligned	1945442	1945622	r	0	1	prodigal	v4.6
1818	semibin163_refined_aligned	1945812	1947063	f	0	1	prodigal	v4.6
1819	semibin163_refined_aligned	1947095	1947977	r	0	1	prodigal	v4.6
1820	semibin163_refined_aligned	1948093	1950250	f	0	1	prodigal	v4.6
1821	semibin163_refined_aligned	1950246	1950534	r	0	1	prodigal	v4.6
1822	semibin163_refined_aligned	1950542	1951130	r	0	1	prodigal	v4.6
1823	semibin163_refined_aligned	1951101	1952574	r	0	1	prodigal	v4.6
1824	semibin163_refined_aligned	1952693	1953308	r	0	1	prodigal	v4.6
1825	semibin163_refined_aligned	1953352	1954426	r	0	1	prodigal	v4.6
1826	semibin163_refined_aligned	1954443	1955499	f	0	1	prodigal	v4.6
1827	semibin163_refined_aligned	1955584	1956274	r	0	1	prodigal	v4.6
1828	semibin163_refined_aligned	1956399	1957635	r	0	1	prodigal	v4.6
1829	semibin163_refined_aligned	1957627	1958842	r	0	1	prodigal	v4.6
1830	semibin163_refined_aligned	1958882	1959569	r	0	1	prodigal	v4.6
1831	semibin163_refined_aligned	1959568	1960801	r	0	1	prodigal	v4.6
1832	semibin163_refined_aligned	1960784	1962131	r	0	1	prodigal	v4.6
1833	semibin163_refined_aligned	1962254	1962809	r	0	1	prodigal	v4.6
1834	semibin163_refined_aligned	1962825	1963905	r	0	1	prodigal	v4.6
1835	semibin163_refined_aligned	1963913	1964318	r	0	1	prodigal	v4.6
1836	semibin163_refined_aligned	1964536	1965097	f	0	1	prodigal	v4.6
1837	semibin163_refined_aligned	1965117	1965903	f	0	1	prodigal	v4.6
1838	semibin163_refined_aligned	1965925	1966750	f	0	1	prodigal	v4.6
1839	semibin163_refined_aligned	1966765	1967485	f	0	1	prodigal	v4.6
1840	semibin163_refined_aligned	1967563	1967818	f	0	1	prodigal	v4.6
1841	semibin163_refined_aligned	1967830	1968529	f	0	1	prodigal	v4.6
1842	semibin163_refined_aligned	1968680	1969877	f	0	1	prodigal	v4.6
1843	semibin163_refined_aligned	1969916	1971155	f	0	1	prodigal	v4.6
1844	semibin163_refined_aligned	1971151	1973008	f	0	1	prodigal	v4.6
1845	semibin163_refined_aligned	1973091	1974891	f	0	1	prodigal	v4.6
1846	semibin163_refined_aligned	1974990	1975956	r	0	1	prodigal	v4.6
1847	semibin163_refined_aligned	1976195	1977572	r	0	1	prodigal	v4.6
1848	semibin163_refined_aligned	1977670	1978123	r	0	1	prodigal	v4.6
1849	semibin163_refined_aligned	1978401	1979139	r	0	1	prodigal	v4.6
1850	semibin163_refined_aligned	1979146	1980187	r	0	1	prodigal	v4.6
1851	semibin163_refined_aligned	1980347	1983500	r	0	1	prodigal	v4.6
1852	semibin163_refined_aligned	1983544	1984813	r	0	1	prodigal	v4.6
1853	semibin163_refined_aligned	1984915	1985563	r	0	1	prodigal	v4.6
1854	semibin163_refined_aligned	1985578	1986418	r	0	1	prodigal	v4.6
1855	semibin163_refined_aligned	1986642	1987341	r	0	1	prodigal	v4.6
1856	semibin163_refined_aligned	1987344	1988688	r	0	1	prodigal	v4.6
1857	semibin163_refined_aligned	1988832	1990728	f	0	1	prodigal	v4.6
1858	semibin163_refined_aligned	1990731	1992903	r	0	1	prodigal	v4.6
1859	semibin163_refined_aligned	1992943	1994011	r	0	1	prodigal	v4.6
1860	semibin163_refined_aligned	1994068	1995478	f	0	1	prodigal	v4.6
1861	semibin163_refined_aligned	1995694	1996846	f	0	1	prodigal	v4.6
1862	semibin163_refined_aligned	1996856	1998728	f	0	1	prodigal	v4.6
1863	semibin163_refined_aligned	1998936	2002758	f	0	1	prodigal	v4.6
1864	semibin163_refined_aligned	2002948	2003251	f	0	1	prodigal	v4.6
1865	semibin163_refined_aligned	2003506	2003965	r	0	1	prodigal	v4.6
1866	semibin163_refined_aligned	2004039	2004501	r	0	1	prodigal	v4.6
1867	semibin163_refined_aligned	2004511	2004907	r	0	1	prodigal	v4.6
1868	semibin163_refined_aligned	2005125	2006799	r	0	1	prodigal	v4.6
1869	semibin163_refined_aligned	2006908	2008051	r	0	1	prodigal	v4.6
1870	semibin163_refined_aligned	2009152	2009938	f	0	1	prodigal	v4.6
1871	semibin163_refined_aligned	2009961	2011506	f	0	1	prodigal	v4.6
1872	semibin163_refined_aligned	2011502	2012702	f	0	1	prodigal	v4.6
1873	semibin163_refined_aligned	2012701	2013370	f	0	1	prodigal	v4.6
1874	semibin163_refined_aligned	2013353	2016563	f	0	1	prodigal	v4.6
1875	semibin163_refined_aligned	2016622	2017090	r	0	1	prodigal	v4.6
1876	semibin163_refined_aligned	2017101	2017530	r	0	1	prodigal	v4.6
1877	semibin163_refined_aligned	2017695	2018409	r	0	1	prodigal	v4.6
1878	semibin163_refined_aligned	2018410	2019400	r	0	1	prodigal	v4.6
1879	semibin163_refined_aligned	2019607	2020708	r	0	1	prodigal	v4.6
1880	semibin163_refined_aligned	2020704	2020977	r	0	1	prodigal	v4.6
1881	semibin163_refined_aligned	2020963	2021206	r	0	1	prodigal	v4.6
1882	semibin163_refined_aligned	2021209	2021434	r	0	1	prodigal	v4.6
1883	semibin163_refined_aligned	2021674	2022904	r	0	1	prodigal	v4.6
1884	semibin163_refined_aligned	2023635	2025111	f	0	1	prodigal	v4.6
1885	semibin163_refined_aligned	2025296	2025548	f	0	1	prodigal	v4.6
1886	semibin163_refined_aligned	2025673	2026669	f	0	1	prodigal	v4.6
1887	semibin163_refined_aligned	2026814	2027216	f	0	1	prodigal	v4.6
1888	semibin163_refined_aligned	2027184	2027517	f	0	1	prodigal	v4.6
1889	semibin163_refined_aligned	2027605	2028337	r	0	1	prodigal	v4.6
1890	semibin163_refined_aligned	2028609	2029167	r	0	1	prodigal	v4.6
1891	semibin163_refined_aligned	2029163	2029811	r	0	1	prodigal	v4.6
1892	semibin163_refined_aligned	2029749	2029929	r	0	1	prodigal	v4.6
1893	semibin163_refined_aligned	2029958	2032082	r	0	1	prodigal	v4.6
1894	semibin163_refined_aligned	2032313	2033309	r	0	1	prodigal	v4.6
1895	semibin163_refined_aligned	2033403	2033589	r	0	1	prodigal	v4.6
1896	semibin163_refined_aligned	2033753	2033948	r	0	1	prodigal	v4.6
1897	semibin163_refined_aligned	2034062	2035022	r	0	1	prodigal	v4.6
1898	semibin163_refined_aligned	2035040	2036030	r	0	1	prodigal	v4.6
1899	semibin163_refined_aligned	2036164	2036590	r	0	1	prodigal	v4.6
1900	semibin163_refined_aligned	2036730	2037873	f	0	1	prodigal	v4.6
1901	semibin163_refined_aligned	2037872	2038421	f	0	1	prodigal	v4.6
1902	semibin163_refined_aligned	2038453	2039233	f	0	1	prodigal	v4.6
1903	semibin163_refined_aligned	2039246	2039546	r	0	1	prodigal	v4.6
1904	semibin163_refined_aligned	2039542	2039815	r	0	1	prodigal	v4.6
1905	semibin163_refined_aligned	2039884	2040442	r	0	1	prodigal	v4.6
1906	semibin163_refined_aligned	2040607	2041837	r	0	1	prodigal	v4.6
1907	semibin163_refined_aligned	2041970	2043602	f	0	1	prodigal	v4.6
1908	semibin163_refined_aligned	2043753	2045832	r	0	1	prodigal	v4.6
1909	semibin163_refined_aligned	2046013	2047162	r	0	1	prodigal	v4.6
1910	semibin163_refined_aligned	2047235	2048399	f	0	1	prodigal	v4.6
1911	semibin163_refined_aligned	2048415	2048778	f	0	1	prodigal	v4.6
1912	semibin163_refined_aligned	2048798	2049737	f	0	1	prodigal	v4.6
1913	semibin163_refined_aligned	2049854	2050148	f	0	1	prodigal	v4.6
1914	semibin163_refined_aligned	2050294	2050567	f	0	1	prodigal	v4.6
1915	semibin163_refined_aligned	2050563	2051961	f	0	1	prodigal	v4.6
1916	semibin163_refined_aligned	2053059	2053401	f	0	1	prodigal	v4.6
1917	semibin163_refined_aligned	2053393	2054641	f	0	1	prodigal	v4.6
1918	semibin163_refined_aligned	2054841	2055195	r	0	1	prodigal	v4.6
1919	semibin163_refined_aligned	2055191	2055416	r	0	1	prodigal	v4.6
1920	semibin163_refined_aligned	2055724	2056906	f	0	1	prodigal	v4.6
1921	semibin163_refined_aligned	2057365	2058370	f	0	1	prodigal	v4.6
1922	semibin163_refined_aligned	2058448	2058892	r	0	1	prodigal	v4.6
1923	semibin163_refined_aligned	2058945	2059449	f	0	1	prodigal	v4.6
1924	semibin163_refined_aligned	2059479	2060682	f	0	1	prodigal	v4.6
1925	semibin163_refined_aligned	2060686	2061463	f	0	1	prodigal	v4.6
1926	semibin163_refined_aligned	2061497	2062496	f	0	1	prodigal	v4.6
1927	semibin163_refined_aligned	2062509	2064603	f	0	1	prodigal	v4.6
1928	semibin163_refined_aligned	2065147	2065702	f	0	1	prodigal	v4.6
1929	semibin163_refined_aligned	2065749	2068161	f	0	1	prodigal	v4.6
1930	semibin163_refined_aligned	2068175	2069264	f	0	1	prodigal	v4.6
1931	semibin163_refined_aligned	2069487	2070354	r	0	1	prodigal	v4.6
1932	semibin163_refined_aligned	2070462	2070690	f	0	1	prodigal	v4.6
1933	semibin163_refined_aligned	2070799	2071462	f	0	1	prodigal	v4.6
1934	semibin163_refined_aligned	2071472	2071787	f	0	1	prodigal	v4.6
1935	semibin163_refined_aligned	2071953	2072130	f	0	1	prodigal	v4.6
1936	semibin163_refined_aligned	2072274	2072562	f	0	1	prodigal	v4.6
1937	semibin163_refined_aligned	2072558	2072678	f	0	1	prodigal	v4.6
1938	semibin163_refined_aligned	2073124	2074849	f	0	1	prodigal	v4.6
1939	semibin163_refined_aligned	2074842	2075856	f	0	1	prodigal	v4.6
1940	semibin163_refined_aligned	2075852	2077022	f	0	1	prodigal	v4.6
1941	semibin163_refined_aligned	2077018	2077738	f	0	1	prodigal	v4.6
1942	semibin163_refined_aligned	2077737	2079768	f	0	1	prodigal	v4.6
1943	semibin163_refined_aligned	2079773	2080466	f	0	1	prodigal	v4.6
1944	semibin163_refined_aligned	2080458	2081568	f	0	1	prodigal	v4.6
1945	semibin163_refined_aligned	2081558	2082617	f	0	1	prodigal	v4.6
1946	semibin163_refined_aligned	2082613	2083090	f	0	1	prodigal	v4.6
1947	semibin163_refined_aligned	2083186	2084668	f	0	1	prodigal	v4.6
1948	semibin163_refined_aligned	2084724	2086041	f	0	1	prodigal	v4.6
1949	semibin163_refined_aligned	2086037	2086562	f	0	1	prodigal	v4.6
1950	semibin163_refined_aligned	2086561	2087239	f	0	1	prodigal	v4.6
1951	semibin163_refined_aligned	2087919	2088171	r	0	1	prodigal	v4.6
1952	semibin163_refined_aligned	2088636	2089800	f	0	1	prodigal	v4.6
1953	semibin163_refined_aligned	2089860	2091795	f	0	1	prodigal	v4.6
1954	semibin163_refined_aligned	2091810	2092965	f	0	1	prodigal	v4.6
1955	semibin163_refined_aligned	2093040	2094117	f	0	1	prodigal	v4.6
1956	semibin163_refined_aligned	2094244	2095258	f	0	1	prodigal	v4.6
1957	semibin163_refined_aligned	2095330	2096383	f	0	1	prodigal	v4.6
1958	semibin163_refined_aligned	2096416	2097697	f	0	1	prodigal	v4.6
1959	semibin163_refined_aligned	2098165	2098381	f	0	1	prodigal	v4.6
1960	semibin163_refined_aligned	2098377	2099847	f	0	1	prodigal	v4.6
1961	semibin163_refined_aligned	2099908	2100463	f	0	1	prodigal	v4.6
1962	semibin163_refined_aligned	2100459	2100579	f	0	1	prodigal	v4.6
1963	semibin163_refined_aligned	2100604	2101828	f	0	1	prodigal	v4.6
1964	semibin163_refined_aligned	2101820	2102330	f	0	1	prodigal	v4.6
1965	semibin163_refined_aligned	2102710	2103034	r	0	1	prodigal	v4.6
1966	semibin163_refined_aligned	2103033	2103282	r	0	1	prodigal	v4.6
1967	semibin163_refined_aligned	2103688	2103925	f	0	1	prodigal	v4.6
1968	semibin163_refined_aligned	2104502	2104862	r	0	1	prodigal	v4.6
1969	semibin163_refined_aligned	2104854	2105712	r	0	1	prodigal	v4.6
1970	semibin163_refined_aligned	2106574	2106823	f	0	1	prodigal	v4.6
1971	semibin163_refined_aligned	2106819	2107248	f	0	1	prodigal	v4.6
1972	semibin163_refined_aligned	2107205	2107451	f	0	1	prodigal	v4.6
1973	semibin163_refined_aligned	2107495	2108038	r	0	1	prodigal	v4.6
1974	semibin163_refined_aligned	2108046	2108346	r	0	1	prodigal	v4.6
1975	semibin163_refined_aligned	2108550	2109738	r	0	1	prodigal	v4.6
1976	semibin163_refined_aligned	2109793	2110201	r	0	1	prodigal	v4.6
1977	semibin163_refined_aligned	2110213	2111512	r	0	1	prodigal	v4.6
1978	semibin163_refined_aligned	2111508	2112108	r	0	1	prodigal	v4.6
1979	semibin163_refined_aligned	2112114	2113722	r	0	1	prodigal	v4.6
1980	semibin163_refined_aligned	2114019	2115150	f	0	1	prodigal	v4.6
1981	semibin163_refined_aligned	2115168	2116320	f	0	1	prodigal	v4.6
1982	semibin163_refined_aligned	2116316	2118020	f	0	1	prodigal	v4.6
1983	semibin163_refined_aligned	2118112	2120437	f	0	1	prodigal	v4.6
1984	semibin163_refined_aligned	2120438	2120636	r	0	1	prodigal	v4.6
1985	semibin163_refined_aligned	2120728	2121340	r	0	1	prodigal	v4.6
1986	semibin163_refined_aligned	2121333	2122170	r	0	1	prodigal	v4.6
1987	semibin163_refined_aligned	2122202	2123297	r	0	1	prodigal	v4.6
1988	semibin163_refined_aligned	2123293	2124421	r	0	1	prodigal	v4.6
1989	semibin163_refined_aligned	2124444	2124732	r	0	1	prodigal	v4.6
1990	semibin163_refined_aligned	2124715	2125834	r	0	1	prodigal	v4.6
1991	semibin163_refined_aligned	2125820	2127287	r	0	1	prodigal	v4.6
1992	semibin163_refined_aligned	2127397	2127673	r	0	1	prodigal	v4.6
1993	semibin163_refined_aligned	2128040	2128847	f	0	1	prodigal	v4.6
1994	semibin163_refined_aligned	2128880	2129168	f	0	1	prodigal	v4.6
1995	semibin163_refined_aligned	2129375	2130314	f	0	1	prodigal	v4.6
1996	semibin163_refined_aligned	2130352	2132464	f	0	1	prodigal	v4.6
1997	semibin163_refined_aligned	2132759	2133170	f	0	1	prodigal	v4.6
1998	semibin163_refined_aligned	2133357	2135535	f	0	1	prodigal	v4.6
1999	semibin163_refined_aligned	2135833	2137000	f	0	1	prodigal	v4.6
2000	semibin163_refined_aligned	2137023	2137515	f	0	1	prodigal	v4.6
2001	semibin163_refined_aligned	2137641	2138634	f	0	1	prodigal	v4.6
2002	semibin163_refined_aligned	2138809	2139136	f	0	1	prodigal	v4.6
2003	semibin163_refined_aligned	2139116	2139242	f	0	1	prodigal	v4.6
2004	semibin163_refined_aligned	2139245	2139527	f	0	1	prodigal	v4.6
2005	semibin163_refined_aligned	2139646	2140894	f	0	1	prodigal	v4.6
2006	semibin163_refined_aligned	2140953	2141592	f	0	1	prodigal	v4.6
2007	semibin163_refined_aligned	2141625	2141919	f	0	1	prodigal	v4.6
2008	semibin163_refined_aligned	2142539	2143457	r	0	1	prodigal	v4.6
2009	semibin163_refined_aligned	2143472	2144057	r	0	1	prodigal	v4.6
2010	semibin163_refined_aligned	2144075	2145830	r	0	1	prodigal	v4.6
2011	semibin163_refined_aligned	2145924	2146836	r	0	1	prodigal	v4.6
2012	semibin163_refined_aligned	2146877	2148800	r	0	1	prodigal	v4.6
2013	semibin163_refined_aligned	2148969	2149998	f	0	1	prodigal	v4.6
2014	semibin163_refined_aligned	2149990	2150755	f	0	1	prodigal	v4.6
2015	semibin163_refined_aligned	2150846	2152775	f	0	1	prodigal	v4.6
2016	semibin163_refined_aligned	2152884	2154075	f	0	1	prodigal	v4.6
2017	semibin163_refined_aligned	2154313	2155357	f	0	1	prodigal	v4.6
2018	semibin163_refined_aligned	2155423	2155627	f	0	1	prodigal	v4.6
2019	semibin163_refined_aligned	2155549	2155741	r	0	1	prodigal	v4.6
2020	semibin163_refined_aligned	2155883	2157017	f	0	1	prodigal	v4.6
2021	semibin163_refined_aligned	2157013	2157646	r	0	1	prodigal	v4.6
2022	semibin163_refined_aligned	2157642	2158389	r	0	1	prodigal	v4.6
2023	semibin163_refined_aligned	2158378	2158840	r	0	1	prodigal	v4.6
2024	semibin163_refined_aligned	2158836	2159433	r	0	1	prodigal	v4.6
2025	semibin163_refined_aligned	2159648	2160329	r	0	1	prodigal	v4.6
2026	semibin163_refined_aligned	2160408	2160750	r	0	1	prodigal	v4.6
2027	semibin163_refined_aligned	2160771	2162103	r	0	1	prodigal	v4.6
2028	semibin163_refined_aligned	2162352	2162772	f	0	1	prodigal	v4.6
2029	semibin163_refined_aligned	2162792	2164433	f	0	1	prodigal	v4.6
2030	semibin163_refined_aligned	2164507	2165539	r	0	1	prodigal	v4.6
2031	semibin163_refined_aligned	2165963	2166917	f	0	1	prodigal	v4.6
2032	semibin163_refined_aligned	2167000	2167579	r	0	1	prodigal	v4.6
2033	semibin163_refined_aligned	2167578	2168181	r	0	1	prodigal	v4.6
2034	semibin163_refined_aligned	2168177	2168726	r	0	1	prodigal	v4.6
2035	semibin163_refined_aligned	2168722	2169697	r	0	1	prodigal	v4.6
2036	semibin163_refined_aligned	2169716	2171042	r	0	1	prodigal	v4.6
2037	semibin163_refined_aligned	2171042	2171882	r	0	1	prodigal	v4.6
2038	semibin163_refined_aligned	2171888	2172287	r	0	1	prodigal	v4.6
2039	semibin163_refined_aligned	2172514	2173822	r	0	1	prodigal	v4.6
2040	semibin163_refined_aligned	2173932	2175372	r	0	1	prodigal	v4.6
2041	semibin163_refined_aligned	2175433	2176699	r	0	1	prodigal	v4.6
2042	semibin163_refined_aligned	2176760	2177633	r	0	1	prodigal	v4.6
2043	semibin163_refined_aligned	2177784	2178279	f	0	1	prodigal	v4.6
2044	semibin163_refined_aligned	2178805	2179573	f	0	1	prodigal	v4.6
2045	semibin163_refined_aligned	2179614	2180562	f	0	1	prodigal	v4.6
2046	semibin163_refined_aligned	2180558	2181314	f	0	1	prodigal	v4.6
2047	semibin163_refined_aligned	2181310	2182723	f	0	1	prodigal	v4.6
2048	semibin163_refined_aligned	2182715	2183918	f	0	1	prodigal	v4.6
2049	semibin163_refined_aligned	2183938	2185831	f	0	1	prodigal	v4.6
2050	semibin163_refined_aligned	2185827	2186601	f	0	1	prodigal	v4.6
2051	semibin163_refined_aligned	2186597	2187707	f	0	1	prodigal	v4.6
2052	semibin163_refined_aligned	2187853	2189395	r	0	1	prodigal	v4.6
2053	semibin163_refined_aligned	2189510	2190575	r	0	1	prodigal	v4.6
2054	semibin163_refined_aligned	2190595	2191402	r	0	1	prodigal	v4.6
2055	semibin163_refined_aligned	2191395	2192373	r	0	1	prodigal	v4.6
2056	semibin163_refined_aligned	2192392	2194489	r	0	1	prodigal	v4.6
2057	semibin163_refined_aligned	2195339	2195528	r	0	1	prodigal	v4.6
2058	semibin163_refined_aligned	2196039	2197986	f	0	1	prodigal	v4.6
2059	semibin163_refined_aligned	2198120	2199623	f	0	1	prodigal	v4.6
2060	semibin163_refined_aligned	2200139	2200973	f	0	1	prodigal	v4.6
2061	semibin163_refined_aligned	2200956	2202237	f	0	1	prodigal	v4.6
2062	semibin163_refined_aligned	2202236	2203040	f	0	1	prodigal	v4.6
2063	semibin163_refined_aligned	2203069	2205709	r	0	1	prodigal	v4.6
2064	semibin163_refined_aligned	2205653	2206277	r	0	1	prodigal	v4.6
2065	semibin163_refined_aligned	2206289	2206913	r	0	1	prodigal	v4.6
2066	semibin163_refined_aligned	2207217	2207733	f	0	1	prodigal	v4.6
2067	semibin163_refined_aligned	2207815	2208871	f	0	1	prodigal	v4.6
2068	semibin163_refined_aligned	2209707	2210109	f	0	1	prodigal	v4.6
2069	semibin163_refined_aligned	2210153	2211167	f	0	1	prodigal	v4.6
2070	semibin163_refined_aligned	2211248	2211725	f	0	1	prodigal	v4.6
2071	semibin163_refined_aligned	2211711	2212848	f	0	1	prodigal	v4.6
2072	semibin163_refined_aligned	2212865	2213267	f	0	1	prodigal	v4.6
2073	semibin163_refined_aligned	2213288	2214479	f	0	1	prodigal	v4.6
2074	semibin163_refined_aligned	2214472	2214751	f	0	1	prodigal	v4.6
2075	semibin163_refined_aligned	2214775	2215015	f	0	1	prodigal	v4.6
2076	semibin163_refined_aligned	2215004	2215205	f	0	1	prodigal	v4.6
2077	semibin163_refined_aligned	2215201	2215693	r	0	1	prodigal	v4.6
2078	semibin163_refined_aligned	2215704	2216286	r	0	1	prodigal	v4.6
2079	semibin163_refined_aligned	2216678	2218103	r	0	1	prodigal	v4.6
2080	semibin163_refined_aligned	2218099	2218468	r	0	1	prodigal	v4.6
2081	semibin163_refined_aligned	2218464	2219433	r	0	1	prodigal	v4.6
2082	semibin163_refined_aligned	2219784	2219958	f	0	1	prodigal	v4.6
2083	semibin163_refined_aligned	2220036	2220360	f	0	1	prodigal	v4.6
2084	semibin163_refined_aligned	2220949	2222266	f	0	1	prodigal	v4.6
2085	semibin163_refined_aligned	2222262	2223189	r	0	1	prodigal	v4.6
2086	semibin163_refined_aligned	2223350	2223761	r	0	1	prodigal	v4.6
2087	semibin163_refined_aligned	2224113	2224233	f	0	1	prodigal	v4.6
2088	semibin163_refined_aligned	2224398	2224704	f	0	1	prodigal	v4.6
2089	semibin163_refined_aligned	2225302	2226589	f	0	1	prodigal	v4.6
2090	semibin163_refined_aligned	2226585	2227512	r	0	1	prodigal	v4.6
2091	semibin163_refined_aligned	2228109	2228334	r	0	1	prodigal	v4.6
2092	semibin163_refined_aligned	2228330	2228870	r	0	1	prodigal	v4.6
2093	semibin163_refined_aligned	2228869	2230027	r	0	1	prodigal	v4.6
2094	semibin163_refined_aligned	2230052	2230811	r	0	1	prodigal	v4.6
2095	semibin163_refined_aligned	2231008	2231818	f	0	1	prodigal	v4.6
2096	semibin163_refined_aligned	2231931	2232504	f	0	1	prodigal	v4.6
2097	semibin163_refined_aligned	2232527	2233715	r	0	1	prodigal	v4.6
2098	semibin163_refined_aligned	2233834	2234713	f	0	1	prodigal	v4.6
2099	semibin163_refined_aligned	2234752	2235358	r	0	1	prodigal	v4.6
2100	semibin163_refined_aligned	2235474	2235801	f	0	1	prodigal	v4.6
2101	semibin163_refined_aligned	2235800	2236427	f	0	1	prodigal	v4.6
2102	semibin163_refined_aligned	2236457	2237492	r	0	1	prodigal	v4.6
2103	semibin163_refined_aligned	2237488	2238349	r	0	1	prodigal	v4.6
2104	semibin163_refined_aligned	2238375	2239005	r	0	1	prodigal	v4.6
2105	semibin163_refined_aligned	2239198	2240173	f	0	1	prodigal	v4.6
2106	semibin163_refined_aligned	2240183	2240915	f	0	1	prodigal	v4.6
2107	semibin163_refined_aligned	2240922	2241090	r	0	1	prodigal	v4.6
2108	semibin163_refined_aligned	2241191	2241497	r	0	1	prodigal	v4.6
2109	semibin163_refined_aligned	2241624	2243508	f	0	1	prodigal	v4.6
2110	semibin163_refined_aligned	2243519	2244512	r	0	1	prodigal	v4.6
2111	semibin163_refined_aligned	2244529	2246074	r	0	1	prodigal	v4.6
2112	semibin163_refined_aligned	2246070	2247027	r	0	1	prodigal	v4.6
2113	semibin163_refined_aligned	2247045	2247387	r	0	1	prodigal	v4.6
2114	semibin163_refined_aligned	2247444	2248557	r	0	1	prodigal	v4.6
2115	semibin163_refined_aligned	2249021	2249909	r	0	1	prodigal	v4.6
2116	semibin163_refined_aligned	2250004	2250562	f	0	1	prodigal	v4.6
2117	semibin163_refined_aligned	2250607	2250775	r	0	1	prodigal	v4.6
2118	semibin163_refined_aligned	2251183	2251597	r	0	1	prodigal	v4.6
2119	semibin163_refined_aligned	2251651	2251975	r	0	1	prodigal	v4.6
2120	semibin163_refined_aligned	2252376	2253264	r	0	1	prodigal	v4.6
2121	semibin163_refined_aligned	2253359	2253917	f	0	1	prodigal	v4.6
2122	semibin163_refined_aligned	2254134	2254272	r	0	1	prodigal	v4.6
2123	semibin163_refined_aligned	2254275	2254953	r	0	1	prodigal	v4.6
2124	semibin163_refined_aligned	2255007	2255331	r	0	1	prodigal	v4.6
2125	semibin163_refined_aligned	2255491	2256040	f	0	1	prodigal	v4.6
2126	semibin163_refined_aligned	2256073	2257486	f	0	1	prodigal	v4.6
2127	semibin163_refined_aligned	2257537	2258263	f	0	1	prodigal	v4.6
2128	semibin163_refined_aligned	2258255	2258708	f	0	1	prodigal	v4.6
2129	semibin163_refined_aligned	2258718	2259759	r	0	1	prodigal	v4.6
2130	semibin163_refined_aligned	2259775	2260276	r	0	1	prodigal	v4.6
2131	semibin163_refined_aligned	2260373	2261045	r	0	1	prodigal	v4.6
2132	semibin163_refined_aligned	2261885	2262155	f	0	1	prodigal	v4.6
2133	semibin163_refined_aligned	2262983	2263640	r	0	1	prodigal	v4.6
2134	semibin163_refined_aligned	2263654	2264359	r	0	1	prodigal	v4.6
2135	semibin163_refined_aligned	2265702	2266062	f	0	1	prodigal	v4.6
2136	semibin163_refined_aligned	2266263	2267469	f	0	1	prodigal	v4.6
2137	semibin163_refined_aligned	2267477	2268314	r	0	1	prodigal	v4.6
2138	semibin163_refined_aligned	2268336	2269281	r	0	1	prodigal	v4.6
2139	semibin163_refined_aligned	2269529	2270843	r	0	1	prodigal	v4.6
2140	semibin163_refined_aligned	2271063	2271516	f	0	1	prodigal	v4.6
2141	semibin163_refined_aligned	2271702	2272293	f	0	1	prodigal	v4.6
2142	semibin163_refined_aligned	2272747	2275096	f	0	1	prodigal	v4.6
2143	semibin163_refined_aligned	2275085	2278223	f	0	1	prodigal	v4.6
2144	semibin163_refined_aligned	2278306	2278903	f	0	1	prodigal	v4.6
2145	semibin163_refined_aligned	2278887	2279811	r	0	1	prodigal	v4.6
2146	semibin163_refined_aligned	2280032	2282597	f	0	1	prodigal	v4.6
2147	semibin163_refined_aligned	2282586	2285724	f	0	1	prodigal	v4.6
2148	semibin163_refined_aligned	2285807	2286404	f	0	1	prodigal	v4.6
2149	semibin163_refined_aligned	2286388	2287312	r	0	1	prodigal	v4.6
2150	semibin163_refined_aligned	2287717	2288164	f	0	1	prodigal	v4.6
2151	semibin163_refined_aligned	2288613	2288973	f	0	1	prodigal	v4.6
2152	semibin163_refined_aligned	2288976	2289243	f	0	1	prodigal	v4.6
2153	semibin163_refined_aligned	2289555	2289747	f	0	1	prodigal	v4.6
2154	semibin163_refined_aligned	2290247	2290610	f	0	1	prodigal	v4.6
2155	semibin163_refined_aligned	2290690	2291029	r	0	1	prodigal	v4.6
2156	semibin163_refined_aligned	2291089	2292358	f	0	1	prodigal	v4.6
2157	semibin163_refined_aligned	2293145	2293280	f	0	1	prodigal	v4.6
2158	semibin163_refined_aligned	2293272	2293521	f	0	1	prodigal	v4.6
2159	semibin163_refined_aligned	2293575	2294202	f	0	1	prodigal	v4.6
2160	semibin163_refined_aligned	2294453	2296409	f	0	1	prodigal	v4.6
2161	semibin163_refined_aligned	2296606	2296819	f	0	1	prodigal	v4.6
2162	semibin163_refined_aligned	2296815	2297151	f	0	1	prodigal	v4.6
2163	semibin163_refined_aligned	2297010	2297391	r	0	1	prodigal	v4.6
2164	semibin163_refined_aligned	2298689	2299280	r	0	1	prodigal	v4.6
2165	semibin163_refined_aligned	2299451	2303765	r	0	1	prodigal	v4.6
2166	semibin163_refined_aligned	2303838	2306505	r	0	1	prodigal	v4.6
2167	semibin163_refined_aligned	2306535	2306982	r	0	1	prodigal	v4.6
2168	semibin163_refined_aligned	2306981	2307443	r	0	1	prodigal	v4.6
2169	semibin163_refined_aligned	2307458	2307761	r	0	1	prodigal	v4.6
2170	semibin163_refined_aligned	2307768	2310888	r	0	1	prodigal	v4.6
2171	semibin163_refined_aligned	2311364	2311679	f	0	1	prodigal	v4.6
2172	semibin163_refined_aligned	2312717	2313149	f	0	1	prodigal	v4.6
2173	semibin163_refined_aligned	2313201	2314716	r	0	1	prodigal	v4.6
2174	semibin163_refined_aligned	2315274	2315601	f	0	1	prodigal	v4.6
2175	semibin163_refined_aligned	2315649	2316123	f	0	1	prodigal	v4.6
2176	semibin163_refined_aligned	2316134	2316836	f	0	1	prodigal	v4.6
2177	semibin163_refined_aligned	2316828	2318241	f	0	1	prodigal	v4.6
2178	semibin163_refined_aligned	2318632	2325721	r	0	1	prodigal	v4.6
2179	semibin163_refined_aligned	2325891	2326431	r	0	1	prodigal	v4.6
2180	semibin163_refined_aligned	2326468	2327332	r	0	1	prodigal	v4.6
2181	semibin163_refined_aligned	2327473	2327764	r	0	1	prodigal	v4.6
2182	semibin163_refined_aligned	2328603	2329425	r	0	1	prodigal	v4.6
2183	semibin163_refined_aligned	2329439	2330324	r	0	1	prodigal	v4.6
2184	semibin163_refined_aligned	2330337	2331399	f	0	1	prodigal	v4.6
2185	semibin163_refined_aligned	2331395	2331995	r	0	1	prodigal	v4.6
2186	semibin163_refined_aligned	2332191	2333274	f	0	1	prodigal	v4.6
2187	semibin163_refined_aligned	2333278	2334373	f	0	1	prodigal	v4.6
2188	semibin163_refined_aligned	2334369	2335428	f	0	1	prodigal	v4.6
2189	semibin163_refined_aligned	2335424	2335874	f	0	1	prodigal	v4.6
2190	semibin163_refined_aligned	2336415	2337741	f	0	1	prodigal	v4.6
2191	semibin163_refined_aligned	2337771	2338713	f	0	1	prodigal	v4.6
2192	semibin163_refined_aligned	2338729	2338975	f	0	1	prodigal	v4.6
2193	semibin163_refined_aligned	2339175	2339421	r	0	1	prodigal	v4.6
2194	semibin163_refined_aligned	2339437	2340379	r	0	1	prodigal	v4.6
2195	semibin163_refined_aligned	2340409	2341735	r	0	1	prodigal	v4.6
2196	semibin163_refined_aligned	2342276	2342726	r	0	1	prodigal	v4.6
2197	semibin163_refined_aligned	2342722	2343781	r	0	1	prodigal	v4.6
2198	semibin163_refined_aligned	2343777	2344872	r	0	1	prodigal	v4.6
2199	semibin163_refined_aligned	2344876	2345959	r	0	1	prodigal	v4.6
2200	semibin163_refined_aligned	2346155	2346755	f	0	1	prodigal	v4.6
2201	semibin163_refined_aligned	2346751	2347813	r	0	1	prodigal	v4.6
2202	semibin163_refined_aligned	2347826	2348711	f	0	1	prodigal	v4.6
2203	semibin163_refined_aligned	2348725	2349547	f	0	1	prodigal	v4.6
2204	semibin163_refined_aligned	2350011	2350320	f	0	1	prodigal	v4.6
2205	semibin163_refined_aligned	2350418	2351387	r	0	1	prodigal	v4.6
2206	semibin163_refined_aligned	2351401	2352841	r	0	1	prodigal	v4.6
2207	semibin163_refined_aligned	2352816	2353968	r	0	1	prodigal	v4.6
2208	semibin163_refined_aligned	2353973	2355017	r	0	1	prodigal	v4.6
2209	semibin163_refined_aligned	2355019	2355478	r	0	1	prodigal	v4.6
2210	semibin163_refined_aligned	2355474	2356938	r	0	1	prodigal	v4.6
2211	semibin163_refined_aligned	2356949	2357783	r	0	1	prodigal	v4.6
2212	semibin163_refined_aligned	2357769	2357982	r	0	1	prodigal	v4.6
2213	semibin163_refined_aligned	2359293	2359734	r	0	1	prodigal	v4.6
2214	semibin163_refined_aligned	2359834	2360455	f	0	1	prodigal	v4.6
2215	semibin163_refined_aligned	2364356	2364548	r	0	1	prodigal	v4.6
2216	semibin163_refined_aligned	2364701	2365127	r	0	1	prodigal	v4.6
2217	semibin163_refined_aligned	2366676	2366913	f	0	1	prodigal	v4.6
2218	semibin163_refined_aligned	2367009	2368974	f	0	1	prodigal	v4.6
2219	semibin163_refined_aligned	2370409	2370511	f	0	1	prodigal	v4.6
2220	semibin163_refined_aligned	2373028	2376538	f	0	1	prodigal	v4.6
2221	semibin163_refined_aligned	2376700	2376841	r	0	1	prodigal	v4.6
2222	semibin163_refined_aligned	2376855	2377134	r	0	1	prodigal	v4.6
2223	semibin163_refined_aligned	2377598	2378096	f	0	1	prodigal	v4.6
2224	semibin163_refined_aligned	2378109	2378907	f	0	1	prodigal	v4.6
2225	semibin163_refined_aligned	2378890	2379394	r	0	1	prodigal	v4.6
2226	semibin163_refined_aligned	2379514	2379847	r	0	1	prodigal	v4.6
2227	semibin163_refined_aligned	2379871	2380132	r	0	1	prodigal	v4.6
2228	semibin163_refined_aligned	2380203	2380398	f	0	1	prodigal	v4.6
2229	semibin163_refined_aligned	2380583	2381993	r	0	1	prodigal	v4.6
2230	semibin163_refined_aligned	2382024	2382573	r	0	1	prodigal	v4.6
2231	semibin163_refined_aligned	2383186	2383348	r	0	1	prodigal	v4.6
2232	semibin163_refined_aligned	2383639	2384218	f	0	1	prodigal	v4.6
2233	semibin163_refined_aligned	2384220	2385495	f	0	1	prodigal	v4.6
